year	number	review	text	oocc	pages			
1940	1		«Bertso berriak, donostiarren garaipena dala-ta jarriak», Espetxean 1940-IX-18, i-ii [= MEIG I, 37-44].	XIV	47-49			
1949	2		«Notas de gramática histórica vasca», Homenaje a don Julio de Urquijo e Ybarra. Estudios relativos al País Vasco, San Sebastián 1949-1951, II, 483-487 [= SHLV I, 445-447].	VIII	641-644			
	3		«Voces vascas. I. (h)egi, tegi. II. Vasco azari, azeri y azenarius. III. Sobre algunos elementos latino-románicos en vascuence y otras voces vascas», Emerita 17 (1949), 195-211 [= SHLV I, 448-457].	VIII	235-250			
	4	R	G. Baehr, Baskisch und Iberisch, Emerita 17 (1949), 346-351 [= SHLV I, 91-94].	IV	161-166			
	5	R	J. Hubschmid, Praeromanica, BAP 5 (1949), 395-396.	VIII	463-464			
	6	R	N. Lahovary, Les peuples européens, Emerita 17 (1949), 288-289 [= SHLV I, 97-98].	I	243-244			
	7	R	W. Scott, Where East meets West, Emerita 17 (1949), 351-352 [= SHLV I, 95-96].	IV	201-203			
1950	8		«De etimología vasca», Emerita 18 (1950), 193-203 [= SHLV I, 439-444].	VIII	675-683			
	9		«De fonética vasca. La aspiración intervocálica», BAP 6 (1950), 443-459 [= SHLV I, 190-202].	VII	3-20			
	10		«Don Julio de Urquijo e Ibarra», Emerita 18 (1950), 295-296.	X	255-256			
	11		«En torno a algunos aspectos del habla de Rentería (Guipúzcoa)», BAP 6 (1950), 89-94.	VII	689-695			
	12		«Notas etimológicas vascas», Emerita 18 (1950), 467-481 [= SHLV I, 458-466].	VIII	645-658			
	13		«Sobre el estado actual de la cuestión del genitivo vasco en -en», Emerita 18 (1950), 221-224.	VII	197-200			
1951	14		«De fonética vasca. La distribución de las oclusivas aspiradas y no aspiradas», BAP 7 (1951), 539-549 [= SHLV I, 212-219; SW, 181-189].	VII	21-32			
	15		«El Atlas lingüístico vasco», BAP 7 (1951), 591.	VII	461			
	16		«El profesor Lafon y los ‘Amigos’», BAP 7 (1951), 470-471.	X	315-316			
	17		«Euskal literaturaren etorkizuna», Egan 1951 [3], 17-21 [= MIH, 15-42; MEIG IV, 21-27; EN, 45-50; GA, 31-35].	XIV	75-80			
	18		«In memoriam D. Resurrección María de Azkue», BAP 7 (1951), 473.	X	209-210			
	19		«La sonorización de las oclusivas iniciales. A propósito de un importante artículo de André Martinet», BAP 7 (1951), 571-582 [= SHLV I, 203-211].	VII	33-46			
1952	20		«El plomo ibérico del Cigarralejo», BAP 8 (1952), 495-503.	III	191-199			
	21		«Los renterianos y la literatura en lengua vasca», Rentería 26 (1952), 39-42.	XIV	537-544			
	22		«¿Un aoristo sigmático indoeuropeo en la pátera ibérica de Tivisa?», Emerita 20 (1952), 153-160 [= LH, 374-378].	III	173-179			
	23	R	A. Tovar, Estudios sobre las primitivas lenguas hispánicas, Emerita 20 (1952), 545-552 [= SHLV I, 85-90].	III	37-45			
1953	24		"""Apellidos vascos"", San Sebastián 1953 [v. 64, 724]."	v532				
	25		«Arnaut Oihenart», BAP 9 (1953), 445-463 [= MIH, 233-256; MEIG V, 35-57; SHLV II, 866-879; EN, 157-180; GA, 133-151].	XI	277-296			
	26		«El barallete», BAP 9 (1953), 474.	VIII	3-4			
	27		«El último roncalés», BAP 9 (1953), 469-470.	VII	609-610			
	28		«Julio Urquijo jauna (1871-1950)», Euskera 1 (1953), 34-35 [= MEIG VIII, 69-70].	X	257-258			
	29		«La grasa de pescado como medio de alumbrado», BAP 9 (1953), 558-560.	VIII	419-421			
	30		«Sobre dos refranes de Oihenart», BAP 9 (1953), 555-556.	XI	297-298			
	31		[con J. J. Beloqui, J. Elósegui y P. Sansinenea de Elósegui], «Contribución al conocimiento del dialecto roncalés», BAP 9 (1953), 499-536 [= SHLV I, 246-272].	VII	571-608			
	32	R	[B. Ametzaga] W. Shakespeare, Hamlet, BAP 9 (1953), 487-488.	XIII	305-306			
	33	R	J. M. Barandiarán, El hombre prehistórico en el País Vasco, BAP 9 (1953), 561-562.	XIV	465-466			
	34	R	K. Bouda, Neue baskisch-kaukasische Etymologien, BAP 9 (1953), 141-144.	IV	193-195			
	35	R	J. Errandonea, Analogías vascas en el vocabulario sumero-semítico [1953], BAP 9 (1953), 283-284.	IV	205-207			
	36	R	J. Gorostiaga, Vocabulario del refranero vizcaíno de 1596, BAP 9 (1953), 484-486 [= SHLV I, 409-410].	XI	127-129			
	37	R	J. Hubschmid, Pyrenäenwörter, BAP 9 (1953), 565-570.	VIII	465-470			
	38	R	J. Hubschmid, Sardische Studien, BAP 9 (1953), 479-483.	VIII	471-475			
	39	R	R. Lafon, Études basques et caucasiques, BAP 9 (1953), 139-141.	VII	47-50			
	40	R	J. Séguy, Les noms populaires des plantes dans les Pyrénées Centrales, BAP 9 (1953), 570-574.	VIII	405-409			
1954	41		«Curso 1954-1955 del Seminario de Filología Vasca ‘Julio de Urquijo’», BAP 10 (1954), 343-344.	X	365-366			
	42		«De onomástica aquitana», Pirineos 10 (1954), 409-458 [= LH, 409-445].	V	197-243			
	43		«Iztegitxoa»: P. Axular, Gero… [ed. M. Lekuona], Zarautz 1954, 463-469.	XI	273-276			
	44		«Oscar Wilderen Erraldoi berekoia», Egan 1954 [2-4], 11-15 [= MEIG IX, 100-106].	XIV	51-56			
	45		«La lengua vasca en Turquía», BAP 10 (1954), 364.	VIII	591			
	46		«La oriundez vizcaína de José de Cadalso», BAP 10 (1954), 364-365.	XIV	523			
	47		«La posición fonética del dialecto vasco del Roncal», Via Domitia 1 (1954), 123-157 [= SHLV I, 273-297].	VII	611-647			
	48		«Nota sobre algunos pasajes de los Refranes y sentencias de 1596», ASJU 1 (1954), 25-33 [= BAP 10, 1954, 191-199; SHLV II, 792-798].	XI	131-139			
	49		«Orixe gure artean», Egan 1954 [2-4], 3-4 [= MEIG VIII, 51-52].	XIV	327-328			
	50		«Problemas teóricos y prácticos de la lingüística vasca», Munibe 6 (1954), 194-209 [= SHLV II, 630-644].	X	343-364			
	51		«Textos vascos antiguos. Un catecismo vizcaíno del siglo XVII», BAP 10 (1954), 85-95.	XI	371-380			
	52		«Zinema», Egan 1954 [2-4], 35-38 [= zatika MIH, 313-316; MEIG I, 123-127; ZP, 18-23; zatika EN, 485; zatika GA, 421].	XIV	399-402			
	53		[con A. Arrue y A. Irigaray], «Asmo berri», Egan 1954 [2-4], 1-2 [= MEIG VIII, 91-92].	XIV	81-82			
	54		[con M. Bidegain], «Las escrituras apócrifas de Andramendi», BAP 10 (1954), 171-190 [= SHLV II, 838-850].	XI	207-223			
	55	R	D. Aguirre, Kresala, Egan 1954 [2-4], 42 [= MEIG II, 43].	XIII	293-294			
	56	R	A. Alonso, De la pronunciación medieval a la moderna en español, ASJU 1 (1954), 119-126 [= BAP 10, 1954, 379-386; SHLV I, 240-245].	I	367-375			
	57	R	[B. Ametzaga] J. R. Jiménez, Platero ta biok, Egan 1954 [2-4], 41-42 [= MEIG II, 42].	XIII	307			
	58	R	P. Axular, Gero [ed. M. Lekuona], Egan 1954 [2-4], 39-41 [= MIH, 163-166; MEIG II, 39-42; EN, 227-230; GA, 193-195].	XI	263-265			
	59	R	J. Caro Baroja, La escritura en la España prerromana, ASJU 1 (1954), 108-112 [= BAP 10, 1954, 368-372].	III	47-51			
	60	R	J. Corominas, Diccionario crítico etimológico de la lengua castellana, ASJU 1 (1954), 113-118 [= BAP 10, 1954, 373-378; SHLV I, 467-491].	VIII	523-528			
	61	R	N. Lahovary, Substrat linguistique méditerranéen, basque et dravidien, BAP 10 (1954), 118-123.	IV	211-216			
	62	R	S. Onaindia, Milla euskal-olerki eder, ASJU 1 (1954), 127-128 [= BAP 10, 1954, 387-388].	XIII	494-495			
	63	R	A. Tovar, La lengua vasca, ASJU 1 (1954), 107-108 [= BAP 10, 1954, 367-368].	VIII	593-594			
1955	64		"""Apellidos vascos"", San Sebastián 1955, 2.ª ed. [v. 24, 724]."	v532				
	65		«Algunos nombres vascos de animales», Homenaje a don Joaquín Mendizábal Gortázar, Conde de Peñaflorida, 1886-1954, San Sebastián 1955, 313-320 [= SHLV II, 509-515].	VIII	381-390			
	66		«Cuestiones relacionadas con la escritura ibérica», Emerita 23 (1955), 265-284 [= LH, 357-370].	III	85-102			
	67		«Dechepareana», BAP 11 (1955), 281-282.	XI	79-80			
	68		«Escudero maisuak esan digu [Berriketan]», Egan 1955 [1-2], 1-4 [= MIH, 153-157; MEIG I, 47-51].	XIV	329-332			
	69		«Estellako Aita Hilario Olazaranek esan digu [Berriketan]», Egan 1955 [5-6], 1-5 [= MEIG I, 59-64].	XIV	337-341			
	70		«Euskaltzaindiak eratutako sariketa», Egan 1955 [1-2], 60-61 [= MEIG II, 48-50].	XIII	404-405			
	71		«Franziskua, Peria, Iesusa», BAP 11 (1955), 113-115.	IX	449-450			
	72		«La Doctrina cristiana de Betolaza (1596)», ASJU 2 (1955), 43-60 [= BAP 11, 1955, 83-100; SHLV II, 824-837].	XI	187-204			
	73		«Paul Claudel», Egan 1955 [1-2], 62 [= MEIG VIII, 70-71].	XIII	370-371			
	74		«Pio Barojak esan digu [Berriketan]», Egan 1955 [3-4], 1-4 [= MIH, 129-133; MEIG I, 53-57].	XIV	333-336			
	75		«Zinema», Egan 1955 [1-2], 47-52 [= zatika MIH, 309-312; MEIG I, 128-134; ZP, 24-32; zatika EN, 487-489; zatika GA, 423-425].	XIV	403-408			
	76		«Zinema», Egan 1955 [3-4], 54-57 [= MIH, 317-322; MEIG I, 135-140; ZP, 33-38; zatika EN, 491-493; zatika GA, 427-428].	XIV	409-412			
	77		«Zinema», Egan 1955 [5-6], 58-62 [= zatika MIH, 323-324; MEIG I, 141-147; ZP, 39-46].	XIV	413-418			
	78		[con A. Yrigaray], «Nombres vascos de persona», ASJU 2 (1955), 107-127 [= BAP 11, 1955, 405-425; SHLV II, 581-594; v. 183].	IX	403-424			
	79	R	Traducción de: K. Bouda, D. Baumgartl, Nombres vascos de las plantas, Salamanca 1955.					
	80	R	J. Arteche, Vida de Jesús, Egan 1955 [5-6], 71-72 [= MEIG II, 58-59].	XIII	337-338			
	81	R	P. Baroja, Memorias, ASJU 2 (1955), xxxix-xl [= BAP 11, 1955, 457-458].	XIII	350			
	82	R	J. Baxurko, Jesus. Jesukristoren bizitza bersotan jarria; J. Zapirain, Nere bizitzako bertso batzuek, Egan 1955 [1-2], 56-57 [= MEIG II, 48].	XIII	360			
	83	R	C. J. Cela, La Catira. Historias de Venezuela, Egan 1955 [3-4],64-66 [= MIH, 361-363; MEIG II, 51-53].	XIII	367-369			
	84	R	J. Corominas, Diccionario crítico etimológico de la lengua castellana. II. Ch-K, ASJU 2 (1955), xiii-xxvii [= BAP 11, 1955, 283-297; SHLV I, 467-491].	VIII	529-544			
	85	R	A. Emiliano, Andre Mari gaztediaren eskuetan, Egan 1955 [1-2], 55-56 [= MEIG II, 47].	XIII	375			
	86	R	Y. Etxaide, Joanak-joan, Egan 1955 [5-6], 69-71 [= MEIG II, 55-58; EN, 231-234; GA, 197-199].	XIII	389-391			
	87	R	V. García de Diego, Diccionario etimológico español e hispánico, ASJU 2 (1955), xxxv-xxxix [= BAP 11, 1955, 453-457].	VIII	569-572			
	88	R	J. Gorostiaga, Antología de poesía popular vasca, ASJU 2 (1955), ii [= BAP 11, 1955, 118].	XIII	417-418			
	89	R	J. Gorostiaga, [Antología de poesía popular vasca], Egan 1955 [1-2], 54-55 [= MEIG II, 45-47].	XIII	419-420			
	90	R	M. L. Guaza, La toponimia romana en Vizcaya, ASJU 2 (1955), viii-xii [= BAP 11, 1955, 124-128; SHLV II, 627-629].	V	351-355			
	91	R	J. Hubschmid, Schläuche und Fässer, ASJU 2 (1955), xl-xlii [= BAP 11, 1955, 458-460].	VIII	477-479			
	92	R	J. A. Loidi, Amabost egun Urgainen, Egan 1955 [5-6], 72-74 [= MIH, 358-360; MEIG II, 59-61; EN, 235-236; GA, 201-202].	XIII	464-465			
	93	R	A. Martinet, Économie des changements phonétiques, ASJU 2 (1955), xxxiv-xxxv [= BAP 11, 1955, 452-453].	I	233-234			
	94	R	A. Tovar, Cantabria prerromana, ASJU 2 (1955), iii-iv [= BAP 11, 1955, 119-120].	V	265-266			
	95	R	Umandi, Gramática vasca, ASJU 2 (1955), xlii-xliv [= BAP 11, 1955, 460-462].	X	629-630			
	96	R	[L. Villasante, C. Iturria], Paradigmas de la conjugación vasca, ASJU 2 (1955), v-vii [= BAP 11, 1955, 121-123].	X	631-633			
	97	R	P. Zamarripa, Gramática vasca, ASJU 2 (1955), xliv [= BAP 11, 1955, 462].	X	634			
1956	98		«A. Txejoven Guraso zintzoa», Egan 1956 [3-4], 29-32 [= MEIG IX, 106-111].	XIV	57-61			
	99		«Conferencias de los profesores Lacarra y Holmer», BAP 12 (1956), 100-101.	X	367			
	100		«Don Pedro de Zabala», BAP 12 (1956), 455-456.	X	307-308			
	101		«Echaenne», Euskera 1 (1956), 19-22.	IX	331-335			
	102		«Euzko-gogoa eta Euskera», Egan 1956 [5-6], 157-163 [= MIH, 201-209; MEIG VIII, 125-132; EN, 429-436; GA, 367-373].	XIV	83-89			
	103		«Guipúzcoa en la época romana», BAP 12 (1956), 69-94 [= SHLV I, 138-155].	XIV	467-492			
	104		«Introducción fonética a la onomástica vasca», Emerita 24 (1956), 167-186, 331-352 [= SHLV II, 555-580].	IX	237-274			
	105		«La lengua vasca como medio de conocimiento histórico», Zumárraga 6 (1956), 49-70.	X	369-389			
	106		«Miguel Angel Alvarezek esan digu [Berriketan]», Egan 1956 [2], 1-4 [= MEIG I, 65-68].	XIV	343-346			
	107		«Miguel Castellsek esan digu [Berriketan]», Egan 1956 [3-4], 1-5 [= MIH, 147-152; MEIG I, 69-74].	XIV	347-351			
	108		«Pío Baroja», Egan 1956 [5-6], 173-178 [= MIH, 267-274; MEIG VIII, 72-78; EN, 277-282; GA, 239-244; v. 528].	XIII	351-356			
	109		«Santiago Carrerok esan digu [Berriketan]», Egan 1956 [5-6], 1-5 [= MEIG I, 75-80].	XIV	353-357			
	110		«[Sobre la labor de la Academia de la Lengua Vasca]» Euskera 1 (1956), 119-122.	X	391-394			
	111		«[Yakin-eko gazteei]», Yakin 2 (1956), 173.	XIII	431			
	112		«Zinema», Egan 1956 [1], 50-52 [= zatika MIH, 325-326; MEIG I, 149-152; zatika EN, 495-496; zatika GA, 429-430; ZP, 47-51].	XIV	419-421			
	113		«Zinema», Egan 1956 [2], 79-81 [= MEIG I, 153-155; ZP, 52-54].	XIV	423-424			
	114		«Zinema», Egan 1956 [3-4], 94-97 [= zatika MIH, 327-328; MEIG I, 157-161; ZP, 55-60].	XIV	425-428			
	115		«Zinema», Egan 1956 [5-6], 179-182 [= MEIG I, 163-167; ZP, 61-66].	XIV	429-432			
	116	R	D. Agirre, Garoa, Egan 1956 [5-6], 145-147 [= MIH, 170-173; MEIG II, 78-81; EN, 247-250; GA, 213-215].	XIII	295-298			
	117	R	[S. Barandiaran] Homero, Iliasena (Iliada euzkeraz), Egan 1956 [3-4], 102-105 [= MEIG II, 67-71; EN, 241-243; GA, 207-210].	XIII	346-349			
	118	R	P. Beltrán, Los textos ibéricos de Liria, BAP 12 (1956), 132-136.	III	201-205			
	119	R	J. Corominas, Diccionario crítico etimológico de la lengua castellana, BAP 12 (1956), 366-373; [= SHLV I, 467-491].	VIII	545-553			
	120	R	J. Hubschmid, Schläuche und Fässer, Word 12 (1956), 314-317.	VIII	481-484			
	121	R	F. Jungemann, La teoría del sustrato y los dialectos hispano-romances y gascones, BAP 12 (1956), 117-129 [= LH, 310-320].	VII	109-122			
	122	R	M. Lejeune, Celtiberica, BAP 12 (1956), 233-235 [= LH, 371-373].	III	157-160			
	123	R	X. Lizardi, Biotz-begietan, BAP 12 (1956), 130	XIII	459			
	124	R	X. Lizardi, Biotz-begietan, Egan 1956 [2], 84-86 [= MIH, 174-177; MEIG II, 63-66; EN, 237-240; GA, 203-205].	XIII	456-458			
	125	R	I. M. Manzisidor, Gure Patroi Aundia. Aita San Iñazioren bizitza, BAP 12 (1956), 237.	XIII	467-468			
	126	R	J. A. Mogel, Peru Abarka, BAP 12 (1956), 236.	XI	553-554			
	127	R	J. A. Mogel, Peru Abarka, Egan 1956 [3-4], 105-107 [= MIH, 167-169; MEIG II, 71-73; EN, 245-246; GA, 211-212].	XI	551-552			
	128	R	N. Ormaetxea ‘Orixe’, Agustiñ Gurenaren Aitorkizunak, BAP 12 (1956), 374.	XIII	500			
	129	R	N. Ormaetxea ‘Orixe’, Agustiñ Gurenaren Aitorkizunak, Egan 1956 [5-6], 142-144 [= MIH, 354-357; MEIG II, 75-78].	XIII	496-499			
	130	R	L. Villasante, Euskal gramatika llabur eta idazleen pusketa autatuak, BAP 12 (1956), 467-468.	X	635-636			
1957	131		«Aita Plazido Mujikak esan digu [Berriketan]», Egan 1957 [3-4], 127-133 [= MEIG I, 89-98].	XIV	365-372			
	132		«À propos de l’accent basque», Bulletin de la Société de Linguistique 53 (1957-1958), 204-233 [= SHLV I, 220-239].	VII	123-152			
	133		«Basque et roman», Via Domitia 4 (1957), 12-25 [= SHLV I, 107-115].	VIII	601-613			
	134		«Conmemoración del príncipe Luis Luciano Bonaparte», BAP 13 (1957), 240-241.	X	395-396			
	135		«El genitivo en la onomástica medieval», Emerita 25 (1957), 134-148 [= SHLV II, 595-603; v. 172].	IX	429-441			
	136		«El hecho lingüístico vasco», Cahiers d’histoire mondiale 4 (1957-1958), 918-933 [v. 457].	X	397-415			
	137		«El P. Pierre Lhande, S.I. (1877-1957)», BAP 13 (1957), 241.	X	293			
	138		«Etxekoekin izketan [Berriketan]», Egan 1957 [1-2], 3-8 [= MIH, 167-169; MEIG I, 81-87; EN, 211-217; GA, 179-184].	XIV	359-364			
	139		«Izkuntzak Galesen» Egan 1957 [5-6], 267-271 [= MIH, 183-189; MEIG IX, 34-39].	XIV	91-96			
	140		«Las antiguas consonantes vascas», Miscelánea homenaje a André Martinet, La Laguna 1957, I, 113-157 [= SHLV I, 166-189].	VII	57-91			
	141		«Sarrera itz batzu»: J. L. Álvarez Enparantza ‘Txillardegi’, Leturiaren egunkari ezkutua, Bilbo 1957 [= MIH, 296-305; MEIG V, 137-145; EN, 219-226; GA, 185-191].	XIII	529-536			
	142		«Zinema», Egan 1957 [1-2], 112-113 [= MEIG I, 169-172; ZP, 67-70].	XIV	433-435			
	143		«Zinema», Egan 1957 [3-4], 217-219 [= MEIG I, 173-176; zatika EN, 497-498; zatika GA, 431-432; ZP, 71-74].	XIV	437-439			
	144		«Zinema», Egan 1957 [5-6], 361-362 [= MEIG I, 177-178; ZP, 75-77].	XIV	441-442			
	145	R	G. Altube, El día cuatro de agosto de 1947 moría Manolete en la plaza de Vitoria, Egan 1957 [3-4], 231-232 [= MEIG II, 92-93].	XIII	301-302			
	146	R	J. L. Álvarez Enparantza ‘Txillardegi’, Leturiaren egunkari ezkutua, Egan 1957 [3-4], 225-226 [= MEIG II, 89-90].	XIII	537-538			
	147	R	F. Arrese Beitia, Olerkiak, Egan 1957 [1-2], 117-118 [= BAP 13, 1957, 263; MEIG II, 86-88].	XIII	333-334			
	148	R	[S. Berasaluze] K. B. Araluze, Pipo, konejutxu arroa; Nini, konejutxu argia, Egan 1957 [5-6], 364 [= MEIG II, 97].	XIII	361			
	149	R	J. Caro Baroja, Vasconiana, BAP 13 (1957), 370-371.	XIV	501-502			
	150	R	J. Corominas, Diccionario crítico etimológico de la lengua castellana, BAP 13 (1957), 494-500 [= SHLV I, 467-491].	VIII	555-563			
	151	R	G. Díez Melcón, Apellidos castellano-leoneses (siglos IX-XIII, ambos inclusive), BAP 13 (1957), 372-375.	IX	443-447			
	152	R	Eliz-kanta xortatxoa, Egan 1957 [3-4], 238 [= MEIG II, 95].	XIII	374			
	153	R	J. Errandonea, Analogías vascas en el vocabulario sumero-semítico [1955], BAP 13 (1957), 263-264.	IV	209-210			
	154	R	Y. Etxaide, J. San Martin, Pernando plaentxiatarra, Egan 1957 [3-4], 226-227 [= MEIG II, 91-92].	XIII	392-393			
	155	R	Euskera 2 (1957) [Azkueren gorazarrez], BAP 13 (1957), 505-506.	X	241-242			
	156	R	V. Fairén, Facerías internacionales pirenaicas, BAP 13 (1957), 375-376.	XIV	507-508			
	157	R	R. Herrero Tornadijo, Estudio elemental de la gramática vasca, Egan 1957 [5-6], 365 [= MEIG II, 98].	X	637			
	158	R	[Itunbe] H. Wast, Bide izkutua, Egan 1957 [1-2], 116-117 [= MEIG II, 83-86].	XIII	427-429			
	159	R	J. M. Lacarra, Vasconia medieval. Historia y filología, BAP 13 (1957), 260-261.	XIV	503-505			
	160	R	N. Lahovary, La diffusion des langues anciennes du Proche-Orient. Leurs relations avec le basque, le dravidien et les parlers indo-européens primitifs, BAP 13 (1957), 501-503.	IV	217-220			
	161	R	F. I. Lardizabal, Testamentu Berriko kondaira edo historia, Egan 1957 [3-4], 232-233 [= MEIG II, 93-95].	XI	647-648			
	162	R	Yakin, Egan 1957 [3-4], 241 [= MEIG II, 96].	XIII	432-433			
	163	R	P. Zamarripa, Vocabulario vasco-castellano y castellano-vasco, BAP 13 (1957), 91.	X	638			
1958	164		"[con M. Agud, eds.], ""N. Landuchio, Dictionarium linguae Cantabricae (1562)"", San Sebastián 1958 [v. 171, 741]."	XII	199-378
	165		«Apostillas a una traducción», BAP 14 (1958), 267-268.	XI	607-608			
	166		«[Carta en lengua vasca y su traducción]», Colección de documentos inéditos para la historia de Guipúzcoa, San Sebastián 1958, I, 105-106.	XI	605-606			
	167		«Catecismos vascos en la diócesis de Pamplona», BAP 14 (1958), 264-265.	XI	261-262			
	168		«Elgarresta jaunak esan digu [Berriketan]», Egan 1958 [3-6], 139-141 [= MEIG I, 99-101].	XIV	373-375			
	169		«El vascuence en Beriain», BAP 14 (1958), 263-264 [v. 251].	V	401-402			
	170		«Hispánico antiguo y vasco», Archivum 8 (1958), 33-47 [= SHLV I, 99-106; v. 460].	V	149-160			
	171		«Introducción», M. Agud, L. Michelena (eds.), N. Landuchio, Dictionarium linguae Cantabricae (1562), San Sebastián 1958, 7-48 [= SHLV II, 762-782; v. 164, 741].	XII	202-232			
	172		«La declinación en la onomástica personal de los documentos medievales del País Vasco», Actas del I congreso español de estudios clásicos (Madrid, 15 al 19 de abril de 1956), Madrid 1958, 583-584.	v135				
	173		«Literatura en lengua vasca», G. Díaz-Plaja (dir.), Historia general de las literaturas hispánicas, Barcelona 1958, V, 339-386 [v. 490].	XIII	3-76			
	174		«[Nikolas Ormaetxea Euskaltzaindian sartzean]», Euskera 3 (1958), 36-44 [= MEIG VI, 97-106].	VII	153-161			
	175		«Nombres y cosas», Oarso 1958, 44-45.	IX	337-342			
	176		«Notes sur les éléments romans du basque», Via Domitia 5 (1958), 5-14 [= SHLV I, 116-120].	VIII	615-621			
	177		«Un vocabulario aezcoano, salacenco y roncalés preparado por el príncipe Bonaparte», BAP 14 (1958), 335-364 [= SHLV I, 298-319].	VII	665-688			
	178		«Unas observaciones al último número de Euskera. I. Ronc. arnari ‘fruto’. II. A.-nav. euntze ‘belardi’ ‘prado’», Euskera 3 (1958), 5-10 [= SHLV I, 432-435].	VIII	251-256			
	179		«Zinema», Egan 1958 [1-2], 97-100 [= MEIG I, 179-183; ZP, 78-83].	XIV	443-446			
	180		«Zinema», Egan 1958 [3-6], 234-236 [= MEIG I, 185-188; zatika EN, 499; zatika GA, 433; ZP, 84-87].	XIV	447-449			
	181		[con M. Agud], «Formas populares de topónimos del País Vasco anteriores a 1900», V congrès international de toponymie et d’anthroponymie, Salamanca 1958, 39-59.	IX	309-326			
	182		[con D. J. Gifford], «Notas sobre un antiguo texto vasco (Biblioteca de la Catedral de Pamplona, Cód. 7, f. 142 vº)», Príncipe de Viana 19 (1958), 167-170.	XI	1-5			
	183		[con A. Yrigaray], «Nombres vascos de persona», V congrès international de toponymie et d’anthroponymie, Salamanca 1958, 73-92.	v78				
	184	R	A. Anabitarte, Poli mutil umezurtz baten ibillaldiak, Egan 1958 [3-6], 239-240 [= MEIG II, 105-106].	XIII	308			
	185	R	Anuario de Eusko-Folklore 16 (1956), BAP 14 (1958), 281-282.	X	433-434			
	186	R	J. Caro Baroja, Los vascos, BAP 14 (1958), 475-477.	VIII	595-598			
	187	R	L. W. Eichberg, Etymologien vorindogermanischer Wörter aus orientalischen Sprachen, BAP 14 (1958), 96-97.	VIII	599-600			
	188	R	E. Erkiaga, Arranegi, Egan 1958 [1-2], 102-104 [= MEIG II, 99-101].	XIII	376-378			
	189	R	Goiz-argi, BAP 14 (1958), 282.	XIII	415			
	190	R	[A. Ibiñagabeitia], Aprenda el vasco, Egan 1958 [3-6], 243-244 [= MEIG II, 109].	X	639			
	191	R	Jautarkol, Xenpelar bertsolaria: bizitza ta bertsoak, Egan 1958 [3-6], 240-242 [= MEIG II, 106-108].	XIII	435-437			
	192	R	N. Lahovary, La diffusion des langues anciennes du Proche-Orient. Leurs relations avec le basque, le dravidien et les parlers indo-européens primitifs, Word 14 (1958), 102-103.	IV	221-222			
	193	R	[J. M. Mokoroa] A. Campión, Erraondoko azken danbolinteroa, Egan 1958 [1-2], 106 [= MEIG II, 103-104].	XIII	475-476			
	194	R	C. Sagarzazu, Intza begietan, Egan 1958 [1-2], 105 [= MEIG II, 102-103].	XIII	521-522			
	195	R	A. Tournier, P. Lafitte, Lexique français-basque, Egan 1958 [1-2], [= MEIG II, 104].					
	196	R	M. L. Wagner, Dizionario etimologico sardo (dispensa 1), Word 14 (1958), 100-101.	VIII	573-574			
	197	R	M. L. Wagner, Dizionario etimologico sardo (dispensa 2), Word 14 (1958), 405-406.	VIII	575-577			
1959	198		"""La obra del Padre Manuel de Larramendi (1690-1766)"", Oviedo 1959 («Cuadernos de la cátedra Feijoo», 6) [= SHLV II, 900-911]."	XI	427-443			
	199		«[Aita Olabideren Itun zâr eta berria] Oar gisa [Adabakiak]», Egan 1959 [5-6], 189-191 [= MEIG I, 207-209].	XIII	491-492			
	200		«Alderdi ‘medio cuerpo’», BAP 15 (1959), 210-211.	VIII	431-432			
	201		«Arnald Steiger irakasleak esan digu [Berriketan]», Egan 1959 [1-4], 3-5 [= MIH, 143-146; MEIG I, 103-106].	XIV	377-380			
	202		«Arrai(a) y arrai(n)», BAP 15 (1959), 446-447.	VIII	433-434			
	203		«De nuevo sobre un antiguo texto vasco», BAP 15 (1959), 214.	XI	7-8			
	204		«El nombre vasco del hayuco», BAP 15 (1959), 70-71.	VIII	435-436			
	205		«Euskal itzak zein diren», Euskera 4 (1959), 206-214 [= MEIG VII, 125-133].	X	59-66			
	206		«Gómez y Gomistegui», BAP 15 (1959), 356-358.	IX	457-458			
	207		«[Henri Gavel] Gure illak», Euskera 4 (1959), 239-240 [= MEIG VIII, 78-79].	X	303-304			
	208		«In memoriam M. Henri Gavel», BAP 15 (1959), 438-439.	X	305-306			
	209		«[José Vallejo] Gure illak», Euskera 4 (1959), 239-240 [= MEIG VIII, 78-79].	X	301			
	210		«Juramentos en vascuence», BAP 15 (1959), 215-216.	VIII	379			
	211		«Jurgi Oteitzak esan digu [Berriketan]», Egan 1959 [5-6], 115-120 [= MEIG I, 107-114].	XIV	381-386			
	212		«La correspondencia del P. Larramendi», BAP 15 (1959), 440-442.	XI	445-447			
	213		«La fuente de un refrán», BAP 15 (1959), 74-75.	XI	459			
	214		«La lengua [vasca]», Gran Vía 4 (1959), 17-21 [v. 478].	IV	3-11			
	215		«La literatura vasca», El libro español 17 (1959), 312-313.	XIII	77-79			
	216		«Noticias sobre la obra de N. Landucci», BAP 15 (1959), 348-350 [= SHLV II, 783-785].	XI	113-116			
	217		«Semana Santa en Rentería», Oarso 1959, 25.	XIV	553-555			
	218		«Sobre -a en nombres vascos de persona», Euskera 4 (1959), 5-10.	IX	451-456			
	219		«Zinema», Egan 1959 [1-4], 75-77 [= MEIG I, 189-192; ZP, 88-92].	XIV	451-454			
	220		[con A. Rodríguez Herrero], «Los cantares de la quema de Mondragón (1448)», BAP 15 (1959), 371-381 [= SHLV II, 741-747].	XI	31-40			
	221	R	F. Bilbao, Ipuin barreka, Egan 1959 [5-6], 195 [= MEIG II, 131].	XIII	364			
	222	R	A. Destrée, La Basse Navarre et ses institutions de 1620 à la Révolution, BAP 15 (1959), 360-361.	XIV	521-522			
	223	R	[Y. Etxaide] P. Baroja, Itxasoa laño dago. Xanti Andia itxas-gizonaren bizitza ta kezkak, Egan 1959 [5-6], 192-193 [= MEIG II, 127-129; EN, 251-253; GA, 217-218].	XIII	394-395			
	224	R	[L. Etxeberria], Zinerako bidea, Egan 1959 [5-6], 196 [= MEIG II, 132].	X	643			
	225	R	Euskal-kantak, Egan 1959 [5-6], 196 [= MEIG II, 132].	XIII	400			
	226	R	Euskal kantak. Cantos populares del País Vasco, Egan 1959 [5-6], 196-197 [= MEIG II, 133].	XIII	401			
	227	R	W. Humboldt, Primitivos pobladores de España, BAP 15 (1959), 95-97.	X	183-186			
	228	R	Ikas 1 (1959), Egan 1959 [5-6], 197 [= MEIG II, 133].	X	642			
	229	R	Ipiña ta Ipiña’tarren barri, Egan 1959 [1-4], 100-101 [= MEIG II, 125].	XIII	425			
	230	R	J. M. Iribarren, Adiciones al «Vocabulario navarro», BAP 15 (1959), 81-83 [= SHLV I, 416-418].	VIII	5-8			
	231	R	J. Kerexeta, Orbelak, Egan 1959 [1-4], 99-100 [= MEIG II, 124-125].	XIII	438-439			
	232	R	P. Lafitte, Autour de la Bible traduite en basque par le Père R. Olabide, Egan 1959 [1-4], 101 [= MEIG II, 126].	XIII	493			
	233	R	[Langile Katoliko Gaztediaren egutegia], Egan 1959 [5-6], 197 [= MEIG II, 133].	XIII	447			
	234	R	G. López de Guereñu, Voces alavesas, BAP 15 (1959), 84-88 [= SHLV I, 419-422].	VIII	9-14			
	235	R	I. M. Manzisidor, Santu bizitzak, egunean egunekoa, Egan 1959 [1-4], 97 [= MEIG II, 123].	XIII	469-470			
	236	R	E. Olabide, Itun zâr eta berria, Egan 1959 [1-4], 85-94 [= MIH, 341-353; MEIG II, 111-122].	XIII	480-490			
	237	R	I. Omaechevarría, Euskera. Un poco de gramática y algo de morfología del verbo vasco, Egan 1959 [5-6], 194-195 [= BAP 15, 1959, 451-453; MEIG II, 129-130].	X	643-644			
	238	R	M. Palomar Lapesa, La onomástica personal prelatina de la antigua Lusitania, BAP 15 (1959), 89-93.	III	53-58			
	239	R	A. Tovar, El euskera y sus parientes, BAP 15 (1959), 77-79.	IV	145-148			
	240	R	M. L. Wagner, Dizionario etimologico sardo (dispense 3-6), Word 15 (1959), 523-527.	VIII	579-583			
1960	241		"""Historia de la literatura vasca"", Madrid 1960 [parcialmente 479, 635, SW, 227-252; v. 719, 744]."	XIII	81-205			
	242		«Asaba zaarren baratza», Egan 1960 [3-6], 121-134 [= MIH, 55-90; MEIG IV, 29-47; EN, 51-67; GA, 37-51].	XIV	97-111			
	243		«De nuevo sobre las escrituras de Andramendi», BAP 16 (1960), 366-367.	XI	227-228			
	244		«Embrollos y similares», BAP 16 (1960), 376-377.	XI	225-226			
	245		«Errores, descuidos, erratas y similares», BAP 16 (1960), 228-231.	X	211-214			
	246		«Guipuzcoano y vasco», BAP 16 (1960), 236-238 [= SHLV I, 320-322].	VII	697-700			
	247		«Horca y cuchillo», Oarso 1960, 32-33.	XIV	515-518			
	248		«Iruñetik [Berriketan]», Egan 1960 [1-2], 3-7 [= MEIG I, 115-120].	XIV	387-391			
	249		«Los dialectos indoeuropeos hispánicos», Zephyrus 11 (1960), 245-248.	III	69-74			
	250		«Prólogo»: E. de Arriaga, Lexicón bilbaíno, Madrid 1960, 5-8 [= SHLV I, 414-415].	VIII	15-17			
	251		«Sobre el vascuence en Beriain», Geografía histórica de la lengua vasca, Zarauz 1960, I, 141-142.	v169				
	252		«Tradición escrita y tradición oral», BAP 16 (1960), 98-99.	XI	81-82			
	253		«Vasc. aitatu y aita izan», BAP 16 (1960), 103-104.	VIII	257-258			
	254		«Zinema», Egan 1960 [1-2], 97-100 [= MEIG I, 193-196; ZP, 93-97].	XIV	455-458			
	255		Traducción de: K. Bouda, Introducción a la lingüística caucásica, Salamanca 1960.					
	256	R	J. L. Álvarez Enparantza ‘Txillardegi’, Peru Leartzako, Egan 1960 [1-2], 101-106 [= MIH, 333-340; MEIG II, 135-142; EN, 255-261; GA, 219-224].	XIII	539-545			
	257	R	I. Arocena, Oñacinos y gamboínos. Introducción al estudio de la guerra de bandos, BAP 16 (1960), 395-396.	XIV	509-510			
	258	R	E. de Arriaga, Lexicón bilbaíno, BAP 16 (1960), 396-397.	VIII	19-20			
	259	R	[G. Arrue] K. Schmid, Brabanteko Genovevaren bizitz arrigarri miragarria, Egan 1960 [3-6], 230-231 [= MEIG III, 43-44].	XIII	335-336			
	260	R	J. M. Barandiarán, Mitología vasca, BAP 16 (1960), 379-380.	VIII	259-261			
	261	R	Basarri [I. Eizmendi], Kantari nator, Egan 1960 [1-2], 112 [= MEIG II, 144].	XIII	358			
	262	R	P. Bosch-Gimpera, El problema indoeuropeo (con un apéndice de M. Swadesh), Zephyrus 11 (1960), 263-268.	I	255-262			
	263	R	K. Bouda, Introducción a la lingüística caucásica, BAP 16 (1960), 381-382.	IV	197-199			
	264	R	J. M. Estonba, Izartxo, Egan 1960 [3-6], 232-233 [= MEIG III, 45-46].	XIII	383-384			
	265	R	J. Estornés Lasa, Cómo aprender el vasco fácilmente, Egan 1960 [3-6], 235-236 [= MEIG III, 48-49].	X	645-646			
	266	R	Euskal aldizkariak, Egan 1960 [3-6], 236-237 [= MEIG III, 50].	XIII	399			
	267	R	Euskal-kantak, Egan 1960 [1-2], 112-113 [= MEIG II, 144].	XIII	402			
	268	R	A. Griera, Vocabulario vasco, BAP 16 (1960), 384-387 [= LH, 329-333; SW, 327-332].	IV	237-242			
	269	R	J. Hubschmid, Mediterrane Substrate, BAP 16 (1960), 239-242.	VIII	485-489			
	270	R	J. Intxausti, Euskal-aditza, Egan 1960 [3-6], 233-234 [= BAP 16, 1960, 494-498; MEIG III, 46-47].	X	647			
	271	R	J. Kerexeta, Bitargi, Egan 1960 [1-2], 110-111 [= MEIG II, 142-143].	XIII	440			
	272	R	J. Kerexeta, Jesu-Kristo Gure Jaunaren Barri Ona, Egan 1960 [3-6], 234-235 [= MEIG III, 47-48].	XIII	441			
	273	R	I. M. Manzisidor, Santu bizitzak, egunean egunekoa [II], Egan 1960 [1-2], 117-118 [= MEIG II, 146].	XIII	471			
	274	R	P. M. Otaño, Bertsoak, Egan 1960 [1-2], 118 [= MEIG II, 147].	XIII	517			
	275	R	[X. Peña], Euskal-irakasbide laburra. Lenengo maila, Egan 1960 [1-2], 111-112 [= MEIG II, 143].	X	648			
	276	R	J. San Martin, Juan Antonio Mogel eta Urkitza, Egan 1960 [1-2], 116 [= MEIG II, 145].	XI	555			
	277	R	J. San Martin, Zirikadak, Egan 1960 [1-2], 116-117 [= MEIG II, 145-146].	XIII	524-525			
	278	R	[M. A. Urreta] J. L. Muñoyerro, Lartaun eguzki-semea, Egan 1960 [3-6], 231-232 [= MEIG III, 44-45].	XIII	546-547			
1961	279		"""Fonética histórica vasca"", San Sebastián 1961 [parcialmente SW, 157-179; v. 690, 727]."	v575				
	280		«A propósito de done ‘santo’», BAP 17 (1961), 222-224.	VIII	263-265			
	281		«Ballenas y grasa de ballenas», BAP 17 (1961), 332-334.	VIII	427-429			
	282		«Comentarios en torno a la lengua ibérica», Zephyrus 12 (1961), 5-23.	III	103-128			
	283		«Euskal iztegigileak XVII-XVIII. mendeetan», Euskera 6 (1961), 7-22 [= MEIG VII, 47-66; SHLV I, 361-372].	XI	505-522			
	284		«Euskal literatura eta… adarrak [Adabakiak]», Egan 1961 [1-3], 122-125 [= MEIG I, 211-217].	XI	83-86			
	285		«In memoriam Nicolás Ormaechea (1888-1961)», BAP 17 (1961), 431-432.	XIII	501-502			
	286		«Judíos de Guevara y vascos de Oñate», Selecciones vascas, Zarauz 1961, 129-149.	XI	53-65			
	287		«La ciudad perdida», Oarso 1961, 21-22.	XIV	497-500			
	288		«Los nombres indígenas de la inscripción hispano-romana de Lerga (Navarra)», Príncipe de Viana 22 (1961), 65-74 [= LH, 446-457].	V	245-260			
	289		«Luisa Miserikordiakoa, Larramendi eta Peñaflorida [Adabakiak]», Egan 1961 [1-3], 126-128 [= MEIG I, 215-217].	XI	461-463			
	290		«Notas lexicográficas», BAP 17 (1961), 339-340.	VIII	423-425			
	291		«Orixeren eriotzean», Egan 1961 [4-6], 157-163 [= MIH, 259-266; MEIG V, 117-124; EN, 283-289; GA, 245-250].	XIII	503-509			
	292		«Prólogo»: D. J. de Alzo, Estudio sobre el euskera hablado, San Sebastián 1961.	X	649-650			
	293		«Zinema», Egan 1961 [1-3], 129-131 [= MEIG I, 197-199; zatika EN, 501-503; zatika GA, 435-437; ZP, 98-101].	XIV	459-461			
	294		[con A. Tovar, K. Bouda, R. Lafon, W. Vycichl y M. Swadesh], «El método léxico-estadístico y su aplicación a las relaciones del vascuence», BAP 17 (1961), 249-281.	IV	149-160			
	295	R	E. Alarcos Llorach, Fonología española, BAP 17 (1961), 351-354.	II	41-46			
	296	R	G. Anduaga, Aitonaren uzta… [Aita Villasantek osaturiko bilduma], Egan 1961 [4-6], 259-260 [= MEIG III, 71-72].	XIII	311-312			
	297	R	F. Apalategi, Euskal mutillak armetan, Egan 1961 [1-3], 144-145 [= MEIG III, 54-56; EN, 263-264; GA, 225-226].	XIII	314-315			
	298	R	R. Artola, «Sagardoaren graziya» ta beste bertso asko, Egan 1961 [1-3], 142-143 [= MEIG III, 52-53].	XIII	340-341			
	299	R	P. Artola, «Ustez laguna detan» ta beste bertso asko, Egan 1961 [4-6], 256-257 [= MEIG III, 68].	XIII	339			
	300	R	J. Azpeitia, Amandriaren altzoan, Egan 1961 [1-3], 150 [= MEIG III, 61].	XIII	345			
	301	R	A. Basilio [Iraola], Elurra ta sua. Santa Jemaren bizitza, Egan 1961 [1-3], 148 [= MEIG III, 59].	XIII	359			
	302	R	J. M. Blázquez, Religiones primitivas de Hispania [I], Zephyrus 12 (1961), 197-202.	III	59-67			
	303	R	M. Ciriquiain Gaiztarro, Los vascos en la pesca de la ballena, Egan 1961 [1-3], 145-147 [= MEIG III, 56-58].	XIV	511-513			
	304	R	Congreso de literatura y predicación franciscana en euskera, Egan 1961 [4-6], 257-258 [= MEIG III, 69-70].	X	651-652			
	305	R	Enciclopedia lingüística hispánica [I], BAP 17 (1961), 228-232.	VIII	585-590			
	306	R	[N. Etxaniz], Cursos Polyglophone CCC. Curso LV. Vascuence, Egan 1961 [4-6], 260-261 [= MEIG III, 72-73].	X	653-654			
	307	R	Euskalerriko bertsolarien txapelketa, Egan 1961 [1-3], 141 [= MEIG III, 51].	XIII	403			
	308	R	J. Hubschmid, Substratprobleme, BAP 17 (1961), 355-360.	VIII	491-497			
	309	R	A. Ibiñagabeitia, Aprenda el vasco en 60 horas, Egan 1961 [1-3], 151-152 [= MEIG III, 62-63].	X	655-656			
	310	R	J. Kerexeta, Apostoluen egiñak, Egan 1961 [1-3], 149 [= MEIG III, 60].	XIII	442			
	311	R	L. Lassalle, Gure erlisionearen frogantza, Egan 1961 [4-6], 258-259 [= MEIG III, 70-71].	XIII	452			
	312	R	D. Lochak, Basque phonemics; T. H. Wilbur, The phonemes of the Basque of Bakersfield, BAP 17 (1961), 450-453.	VII	51-55			
	313	R	Loramendi, Olerki ta idatzi guziak, Egan 1961 [1-3], 147-148 [= MEIG III, 58-59].	XIII	466			
	314	R	A. Martinet, Éléments de linguistique générale, BAP 17 (1961), 349-351.	II	15-17			
	315	R	M. Soroa, Gabon. Au ostatuba! Anton Kaiku, Egan 1961 [1-3], 143-144 [= MEIG III, 53-54].	XIII	526-527			
	316	R	A. Tovar, Catálogo de las lenguas de América del Sur, BAP 17 (1961), 360-361.	I	235-236			
	317	R	A. Tovar, The ancient languages of Spain and Portugal, BAP 17 (1961), 343-348.	III	75-83			
	318	R	P. M. Urruzuno, «Euskalerritik zerura» ta beste ipui batzuk, Egan 1961 [4-6], 257 [= MEIG III, 68-69].	XIII	548			
	319	R	L. Villasante, Historia de la literatura vasca, Egan 1961 [4-6], 253-255 [= MEIG III, 65-67].	XIII	207-209			
	320	R	L. Villasante, ‘Nere izena zan Plorentxi’. Angeles Sorazuren bizitza, Egan 1961 [1-3], 149-150 [= MEIG III, 60-61].	XIII	549-550			
	321	R	T. H. Wilbur, The phonemes of the Basque of Bakersfield, BAP 17 (1961), 450-453.	v312				
1962	322		«Apostillas de un renteriano [a V. Berriochoa, «El vocabulario inédito de Zubigar», Euskera 7, 1962, 43-54]», Euskera 7 (1962), 54-58 [= SHLV I, 423-425].	VIII	21-25			
	323		«Beharki Leizarragaren Testamentu Berrian», Euskera 7 (1962), 59-60 [= MEIG VII, 83-85; SHLV I, 426-427].	XI	117-119			
	324		«[jopu, probestu, merio, amabi, etab.] [Adabakiak]», Egan 1962 [4-6], 298-302 [= MEIG I, 225-229].	VIII	325-329			
	325		«Más sobre el manuscrito de Ochandiano», BAP 18 (1962), 82-83.	XI	587-588			
	326		«Notas indiscretas», Oarso 1962, 12.	XIV	3-5			
	327		«Otra vez sobre la inscripción de Lerga», BAP 18 (1962), 87-90.	V	261-264			
	328		«[zatekean, jabetu, luze-laburra, Oñatiko San Migelen prakak] [Adabakiak]», Egan 1962 [1-3], 77-81 [= MEIG I, 219-224].	VIII	319-324			
	329	R	[T. Alzaga] P. Loti [R. Figueroa Torres], Ramuntxo, Egan 1962 [1-3], 89 [= MEIG III, 81].	XIII	303			
	330	R	D. J. de Alzo, Estudio sobre el euskera hablado, BAP 18 (1962), 97-98.	X	657-658			
	331	R	A. Anabitarte, Aprika-ko basamortuan, Egan 1962 [4-6], 312-313 [= MEIG III, 102-103].	XIII	309-310			
	332	R	[A. Apaolaza, A. Trueba], Patxiko Txerren, Egan 1962 [1-3], 90 [= MEIG III, 82].	XIII	316			
	333	R	B. Ataun, Gure aditza, BAP 18 (1962), 213-214.	X	659-660			
	334	R	«Auspoa» liburutegia [I], Egan 1962 [1-3], 89 [= MEIG III, 81].	XIII	342			
	335	R	«Auspoa» liburutegia [II], Egan 1962 [4-6], 305-306 [= MEIG III, 94-95].	XIII	343			
	336	R	R. Azkarate, «Galtzaundi» ta beste bertso asko, Egan 1962 [1-3], 90 [= MEIG III, 81].	XIII	344			
	337	R	P. Baroja, Cuentos vascos, BAP 18 (1962), 216.	XIII	357			
	338	R	Bertsolariak. Errege eguneko bertso-sayoa (1962), Egan 1962 [1-3], 90 [= MEIG III, 83].	XIII	362			
	339	R	I. Bizcarrondo ‘Bilintx’, Bertso ta lan guziak, Egan 1962 [1-3], 91-92 [= MEIG III, 83-84].	XI	649-650			
	340	R	J. Corominas, Breve diccionario etimológico de la lengua castellana, BAP 18 (1962), 93-95.	VIII	565-567			
	341	R	Dunixi [D. Azkue], Mi pueblo, ayer. (Croquis donostiarras), Egan 1962 [1-3], 94 [= MEIG III, 87].	XIII	372			
	342	R	[N. Echaniz], Cursos Polyglophone CCC. Curso LV. Vascuence, BAP 18 (1962), 99-100.	X	661-662			
	343	R	E. Erkiaga, Araibar zalduna, Egan 1962 [1-3], 87 [= MEIG III, 78-79].	XIII	379-380			
	344	R	E. Erkiaga, Batetik bestera: galdu-gordeko ibillerak, Egan 1962 [4-6], 303-304 [= MEIG III, 91-92].	XIII	381-382			
	345	R	Ezkontza galdutako bertsoak. I, Egan 1962 [4-6], 307 [= MEIG III, 96].	XIII	406			
	346	R	B. Gandiaga, Elorri, Egan 1962 [1-3], 88-89 [= MEIG III, 79-81].	XIII	409-410			
	347	R	F. Goñi, Lurdes-ko gertaerak, Egan 1962 [4-6], 310 [= MEIG III, 99-100].	XIII	416			
	348	R	B. Iraola, Oroitzak eta beste ipui asko, Egan 1962 [1-3], 90 [= MEIG III, 82].	XIII	426			
	349	R	M. Izeta, Dirua galgarri, Egan 1962 [1-3], 92 [= MEIG III, 85].	XIII	430			
	350	R	A. M. Labayen, Malentxo alargun, Egan 1962 [4-6], 308-309 [= MEIG III, 97-98].	XIII	445			
	351	R	P. Lafitte, Grammaire basque, Egan 1962 [4-6], 313-314 [= MEIG III, 103-104].	X	663			
	352	R	P. Larzabal, Bordaxuri, Egan 1962 [1-3], 91 [= MEIG III, 83].	XIII	448			
	353	R	P. Larzabal, Iru ziren; Herriko bozak edo nor alkate, Egan 1962 [4-6], 306-307 [= MEIG III, 95-96].	XIII	449-450			
	354	R	Lau Ebanjelioak, Arantzazuko prailleek egiña, Egan 1962 [4-6], 310-311 [= MEIG III, 100-101].	XIII	453-454			
	355	R	I. López Mendizábal, Manual de conversación castellano-euskera, Egan 1962 [4-6], 314 [= MEIG III, 104].	X	663			
	356	R	F. Michel, Poesías populares de los vascos, Egan 1962 [1-3], 93 [= MEIG III, 86-87].	XIII	474			
	357	R	G. Muxika, Los titanes de la cultura vasca, Egan 1962 [1-3], 92-93 [= MEIG III, 85-86].	X	299-300			
	358	R	Oskillaso, Kurloiak, Egan 1962 [4-6], 304-305 [= MEIG III, 92-95].	XIII	515-516			
	359	R	[L. Villasante], Goi-argi. Ars-ko erretore santuaren erakusaldiak, Egan 1962 [4-6], 311-312 [= MEIG III, 101].	XIII	553			
	360	R	L. Villasante, Kristau fedearen sustraiak. I. Jainkoa, Egan 1962 [1-3], 94-95 [= MEIG III, 87-89].	XIII	551-552			
	361	R	A. M. Zabala, «Gabon gau bat» eta beste ipui asko, Egan 1962 [4-6], 308 [= MEIG III, 97].	XIII	554			
	362	R	J. Zaitegi, Platoneneko atarian, Egan 1962 [1-3], 85-86 [= MEIG III, 75-77; EN, 265-267; GA, 227-229].	XIII	559-561			
	363	R	A. Zavala, Txirrita. Bizitza ta bat-bateko bertsoak, Egan 1962 [4-6], 309-310 [= MEIG III, 98-99].	XIII	556-557			
1963	364		"""Lenguas y protolenguas"", Salamanca 1963 [v. 700, 728]."	I	1-98			
	365		«Aita Villasanteri gutun gisa [Axularren ekidin] [Adabakiak]», Egan 1963 [1-3], 123-126 [= MEIG I, 235-237].	XI	269-270			
	366		«Eraskin gisa [Juseff Eguiateguy]», Egan 1963 [1-3], 78-81 [= MEIG I, 231-234].	XI	531-534			
	367		«Irakurri duzuten ihardespenaren inguruan itz bi», Egan 1963 [4-6], 181-182.	X	41-42			
	368		«Iztueta y Rentería», Oarso 1963, 17.	XIV	549-551			
	369		«Justo Garate jaunarentzat [Adabakiak]», Egan 1963 [4-6], 230-231.	XI	205-206			
	370		«Luis Martín Santos», Egan 1963 [4-6], 245-246 [= MIH, 45-51; MEIG VIII, 80-82; EN, 297-298; GA, 255-256].	XIII	472-473			
	371		«Txerribuztango errekako errotaria [Lahovary, euskara eta hizkuntza dravidikoak] [Adabakiak]», Egan 1963 [1-3], 124-126 [= MEIG I, 237-239].	IV	223-225			
	372		«Aizkolariak» ta beste ipui asko, Egan 1963 [1-3], 146 [= MEIG III, 109-110].	XIII	299-300			
	373	R	T. Alzaga, Burruntziya, Egan 1963 [4-6], 237-238 [= MEIG III, 123-124].	XIII	304			
	374	R	V. Amézaga, Hombres de la Compañía Guipuzcoana, Egan 1963 [4-6], 242-243 [= MEIG III, 125-126].	XIV	519-520			
	375	R	G. Anduaga, «Egunsentiko txoria» ta beste bertso asko, Egan 1963 [4-6], 238 [= MEIG III, 124].	XIII	313			
	376	R	P. A. Añíbarro, Voces bascongadas diferenciales de Bizcaya, Guipúzcoa y Navarra [ed. L. Villasante], BAP 19 (1963), 105-108 [= SHLV I, 411-413].	XI	581-585			
	377	R	E. Coseriu, Teoría del lenguaje y lingüística general, BAP 19 (1963), 183-185.	II	29-32			
	378	R	J. B. Etcheverry, Michel Garicoïtz sainduaren bizia eta bertuteak, Egan 1963 [1-3], 151-152 [= MEIG III, 115-116].	XIII	387-388			
	379	R	[Gaztelu] Fray Luis León, Donibane Gurutz, Musika ixilla, Egan 1963 [1-3], 141-143 [= MEIG III, 105-108].	XIII	411-413			
	380	R	[A. Goenaga] E. Hemingway, Agurea ta itxasoa, Egan 1963 [1-3], 149 [= MEIG III, 113-114].	XIII	414			
	381	R	F. Imaz, Bertso guziak, Egan 1963 [1-3], 146-147 [= MEIG III, 110-111].	XIII	423-424			
	382	R	A. P. Iturriaga, Jolasak, Egan 1963 [1-3], 148-149 [= MEIG III, 111-113].	XI	635-636			
	383	R	[J. Kerexeta, A. Onaindia], Eguneroko Meza, Egan 1963 [4-6], 244-245 [= MEIG III, 127-128].	XIII	443-444			
	384	R	P. Lafitte, Grammaire basque, BAP 19 (1963), 180-181.	X	665-666			
	385	R	F. Lázaro Carreter, Diccionario de términos filológicos [2.ª ed.], BAP 19 (1963), 110-116.	II	33-40			
	386	R	R. Menéndez Pidal, En torno a la lengua vasca, BAP 19 (1963), 177-179.	V	419-422			
	387	R	B. A. Mogel, Ipui onak, Egan 1963 [4-6], 237 [= MEIG III, 122-123].	XI	645-646			
	388	R	J. Oteiza, Quousque tandem…! Ensayo de interpretación estética del alma vasca, Egan 1963 [1-3], 152-153 [= MEIG III, 117-119; EN, 269-270; GA, 231-232].	XIII	518-520			
	389	R	M. Soroa, Baratzan, Egan 1963 [4-6], 239 [= MEIG III, 124-125].	XIII	528			
	390	R	N. Tauer, Bere idazkiak, Egan 1963 [1-3], 149-151 [= MEIG III, 114-115].	X	327-328			
	391	R	A. M. Zabala, Periyaren zalapartak, Melitonaren bi senarrak; A. Larraitz, Mendibe’tarren larriyak; J. Mir, Utzi bearko!, Gizon bikañak, Egan 1963 [4-6], 235-236 [= MEIG III, 121].	XIII	555			
	392	R	J. Zaitegi, Berriz ere goldaketan, Egan 1963 [1-3], 144 [= MEIG III, 108-109].	XIII	562-563			
	393	R	[A. Zavala], Azpeitiko premiyoaren bertsoak (1893-1895), Egan 1963 [4-6], 236 [= MEIG III, 122].	XIII	558			
1964	394		"""Sobre el pasado de la lengua vasca"", San Sebastián 1964 [= SHLV I, 1-73; parcialmente SW, 125-156]."	V	1-115			
	395		"""Textos arcaicos vascos"", Madrid 1964 [v. 729]."	XII	1-197			
	396		«A propósito del salacenco amastarrika», BAP 20 (1964), 307-311.	VIII	437-441			
	397		«Azkue eta euskal hiztegia», Zeruko argia 1964-VIII-9 [= MEIG VII, 71-73].	X	233-235			
	398		«El Atlas lingüístico vasco», Presente y futuro de la lengua española. Actas de la asamblea de filología del I congreso de instituciones hispánicas, Madrid 1964, I, 427-442.	VII	463-484			
	399		«Gabriel Arestiri», Egan 1964 [1-6], 157-160 [= MEIG VI, 179-183].	VII	209-212			
	400		«Gajes del oficio», BAP 20 (1964), 326-331.	XIV	113-117			
	401		«[Jakin-i buruz]», Jakin 17 (1964), 70.	XIII	434			
	402		«Notas y apostillas [a I. Zumalde, «Algunas palabras vascas del siglo XVI», BAP 20, 1964, 21-22]», BAP 20 (1964), 22-31.	XI	251-260			
	403		«Otra vez… Cristóbal de Gamón», Oarso 1964, 21-22.	XIV	545-548			
	404		«Preámbulo»: Julio de Urquijo, Refranero vasco. Los Refranes y sentencias de 1596, San Sebastián 1964, I, 9-17 [= SHLV II, 786-791].	XI	141-148			
	405		«Románico y circunrománico: sobre la suerte del latín ae», Archivum 14 (1964), 40-60 [= LH, 253-267].	I	325-342			
	406		«Unas cartas del siglo XVII», BAP 20 (1964), 75-86.	XI	351-361			
	407	R	J. Allières, Petit atlas linguistique basque français «Sacaze», BAP 20 (1964), 188-190.	VII	485-488			
	408	R	J. M. Arozamena, Donostia, capital de San Sebastián, Egan 1964 [1-6], 175 [= MEIG III, 134-135].	XIII	332			
	409	R	P. Axular, Gero. Después [ed. L. Villasante], Egan 1964 [1-6], 176 [= BAP 20, 1964, 477-478; MEIG III, 135].	XI	271			
	410	R	K. Baldinger, La formación de los dominios linguísticos en la Península Ibérica, BAP 20 (1964), 191-195.	I	359-365			
	411	R	Bertsolariak. Amar urteko bertso-paperak (1954-1963), Egan 1964 [1-6], 175 [= MEIG III, 134].	XIII	363			
	412	R	Bulletin du Musée Basque 23 (1964), BAP 20 (1964), 204.	X	435-436			
	413	R	A. Cardaberaz, Euskeraren berri onak, Egan 1964 [1-6], 172-173 [= MEIG III, 132-133].	XI	465			
	414	R	J. V. Echagaray, Festara, Egan 1964 [1-6], 169-170 [= MEIG III, 131 -132].	XI	633-634			
	415	R	M. Elicegui, A. Zavala, Pello Errotaren bizitza, bere alabak kontatua, Egan 1964 [1-6], 166-167 [= MEIG III, 129-130].	XIII	373			
	416	R	J. Hubschmid, Thesaurus Praeromanicus. I, BAP 20 (1964), 484-487.	VIII	499-503			
	417	R	P. Larzabal, Senpere’n gertatua, Egan 1964 [1-6], 167-168 [= MEIG III, 130].	XIII	451			
	418	R	S. Salaverría, Neronek tirako nizkin, Egan 1964 [1-6], 173 [= MEIG III, 133-134].	XIII	523			
	419	R	J. de Urquijo, Refranero vasco. Los Refranes y sentencias de 1596, BAP 21 (1964), 117-120 [= SHLV II, 799-801].	XI	149-153			
1965	420		«Aita Gasteluzarrek itz neurtuz egin zituen zenbait itzulpen», Egan 1965 [1-6], 40-44 [= MEIG V, 59-67].	XI	363-367			
	421		«A propósito de uno de los refranes de 1596», BAP 21 (1965), 93-95 [= SHLV II, 802-803].	XI	157-158			
	422		«Atarikoa»: Orixe. Omenaldi, Donostia 1965, 5-9 [= MIH, 290-295; MEIG V, 125-129; EN, 291-295; GA, 251-254].	XIII	510-514			
	423		«Bizkaitarren erdal izena [Adabakiak]», Egan 1965 [1-6], 139-140 [= MEIG I, 242-243].	VIII	317-318			
	424		«[El diccionario vasco proyectado por la Real Sociedad Bascongada de Amigos del País y la obra de José María de Aizpitarte]», Colección de documentos inéditos para la historia de Guipúzcoa, San Sebastián 1965, VI, 99-126.	XI	479-503			
	425		«Euskara eta iberikoa», Egan 1965 [1-6], 141 [= MEIG I, 243-244].	XIV	525-526			
	426		«Jondone Mikele-ren izena [Adabakiak]», Egan 1965 [1-6], 136-137 [= MEIG I, 241-242].	IX	459-460			
	427		«La actividad lingüística en el campo vasco», Comunications et rapports du premier congrès international de dialectologie générale (Louvain du 21 au 25 août, Bruxelles les 26 et 27 août 1960), Louvain 1965, IV, 224-232.	X	437-446			
	428		«Más allá de toda polémica», BAP 21 (1965), 109.	XIV	119			
	429		«Sarako Joanes Etxeberriren “Eskual-Herriko gazteriari”», Egan 1965 [1-6], 109-123 [= MEIG V, 69-70].	XI	401-402			
	430		«Sobre la formación de dos compuestos vascos», BAP 21 (1965), 100-101.	VIII	371-372			
	431		«Vasco-romanica», Revista de filología española 48 (1965), 105-119 [= LH, 268-281].	VIII	623-639			
	432	R	J. M. Areilza, 1885-1965. Otro centenario: Sabino de Arana y Goiri, BAP 21 (1965), 440-442.	X	243-245			
	433	R	B. Estornés, J. I. Goikoetxea, Diccionario Auñamendi español-vasco. Auñamendi erdal-euskal iztegia. A-Apar, BAP 21 (1965), 436-437.	X	667-668			
	434	R	B. Estornés Lasa (ed.), Fantasía y realidad. Antología literaria vasca, Egan 1965 [1-6], 170-171 [= MEIG III, 143-144].	XIII	385-386			
	435	R	Y. Etxaide, Gorrotoa lege, Egan 1965 [1-6], 159-161 [= MEIG III, 137-140; EN, 271-273; GA, 233-235].	XIII	396-398			
	436	R	I. Fagoaga, Unamuno a orillas del Bidasoa y otros ensayos, Egan 1965 [1-6], 173-174 [= MEIG III, 145-146].	XIII	407-408			
	437	R	N. M. Holmer, El idioma vasco hablado. Un estudio de dialectología euskérica, BAP 21 (1965), 111-113.	VII	701-705			
	438	R	Iztegi erdera-euskera, BAP 21 (1965), 439-440.	X	669-670			
	439	R	A. M. Labayen, Teatro éuskaro. Notas para una historia del arte dramático vasco, Egan 1965 [1-6], 175-176 [= MEIG III, 148].	XIII	446			
	440	R	M. Lecuona, Literatura oral vasca, Egan 1965 [1-6], 176 [= MEIG III, 148-149].	XIII	455			
	441	R	I. López Mendizábal, Diccionario vasco-español, BAP 21 (1965), 115-116.	X	671-673			
	442	R	P. Múgica Berrondo, Diccionario castellano-vasco, BAP 21 (1965), 431-433.	X	674-677			
	443	R	L. M. Mujika, Bide-giroak, Egan 1965 [1-6], 165-167 [= MEIG III, 140-143].	XIII	477-479			
	444	R	L. P. Peña Santiago, La ‘argizaiola’ vasca, Egan 1965 [1-6], 173 [= MEIG III, 145].	XIV	557			
	445	R	J. Urquijo, Refranero vasco. Los Refranes y sentencias de 1596, Egan 1965 [1-6], 174-175 [= MEIG III, 146-147].	XI	155-156			
1966	446		«Acotaciones de un lector», BAP 22 (1966), 260-263.	XI	449-453			
	447		«Aita Larramendiren ehun urteurrenean (1690-1766)», Zeruko argia 1966-I-30 [= MEIG VII, 67-69].	XI	455-457			
	448		«Azkue lexicógrafo», Don Resurrección María de Azkue, lexicógrafo, folklorista y gramático. Conmemoración del centenario del nacimiento del filólogo vasco, perteneciente a la Real Academia Española, Bilbao 1966, 15-37 [= SHLV I, 373-384].	X	215-231			
	449		«En torno a Pedro de Madariaga», BAP 22 (1966), 123-125.	XI	125-126			
	450		«Euskal kanta zaharrak [Adabakiak]», Egan 1966 [1-6], 134-135 [= MEIG I, 245-246].	XI	27-28			
	451		«[Euskaltzaindiaren hiztegiari Orixek egin hitzaurrea] [Adabakiak]», Egan 1966 [1-6], 128.	VIII	27			
	452		«La lengua vasca y la prehistoria», Problemas de la prehistoria y de la etnología vascas. IV symposium de prehistoria peninsular bajo la dirección del Dr. D. Juan Maluquer de Motes, Pamplona 1966, 271-285 [= SHLV I, 74-84].	V	133-148			
	453		«Tradición viva y letra muerta», Homenaje a don José Miguel de Barandiarán, Bilbao 1966, II, 121-145 [= SHLV II, 729-740].	XI	9-26			
	454	R	J. Coromines, Estudis de toponímia catalana. I, BAP 22 (1966), 283-290 [= SHLV II, 620-626].	IX	343-352			
	455	R	J. Hubschmid, Thesaurus Praeromanicus. II, BAP 22 (1966), 134-138.	VIII	505-511			
1967	456		«Azkue zena eta frantsesa [Adabakiak]», Egan 1967 [1-6], 97-99 [= MEIG I, 247-249].	X	237-239			
	457		«El hecho lingüístico vasco», La gran enciclopedia vasca, Bilbao 1967, II, 674-686.	v136				
	458		«El vascuence y la crítica», Real Sociedad Bascongada de los Amigos del País. Bicentenario de su fundación: 1765-1965, Bilbao 1967, 57-70.	X	447-461			
	459		«Estructuralismo y reconstrucción», Problemas y principios del estructuralismo linguístico, Madrid 1967, 299-319 [= LH, 9-22].	I	99-115			
	460		«Hispánico antiguo y vasco», La gran enciclopedia vasca, Bilbao 1967, II, 76-82.	v170				
	461		«Ibiñagabeitiatar Andima (G.B.)», Egan 1967 [1-6], 108-109 [= MEIG VIII, 82-83].	XIII	421-422			
	462		«Jondane Gneli arcangelia [Adabakiak]», Egan 1967 [1-6], 104-105 [= MEIG I, 253-254].	IX	461-462			
	463		«Los refranes del cuaderno de Oihenart», ASJU 1 (1967), 11-44 [= SHLV II, 804-823].	XI	299-326			
	464		«1664ko meditazionea Versuetan eguina [Adabakiak]», Egan 1967 [1-6], 99-100 [= MEIG I, 249-251].	XI	369-370			
	465		«1793an San Simoneko Markesak euskeraz egin zuen deia [Adabakiak]», Egan 1967 [1-6], 100-102 [= MEIG I, 251-252].	XI	535-536			
	466		«Notas fonológicas sobre el salacenco», ASJU 1 (1967), 163-177 [= PT, 221-234].	VII	649-664			
	467		«Sobre nombres de setas», BAP 23 (1967), 115-116.	VIII	411-413			
	468	R	[con N. Etxaniz] Traducción de: P. Volboudt, Txillida, Barcelona 1967, 5-27 [= MEIG IX, 115-146].	XIV	299-323			
	469	R	P. Altuna, Euskera, ire laguna!, Egan 1967 [1-6], 131-132 [= MEIG III, 153-154].	X	678-679			
	470	R	Bitaño [N. Alzola], Atalak, Egan 1967 [1-6], 116-117 [= MEIG III, 151-152].	XIII	365-366			
	471	R	J. Hubschmid, Thesaurus Praeromanicus. II, ZRPh 83 (1967), 602-609 [= LH, 321-328].	VIII	513-522			
1968	472		«Abe ‘fatalidad, desgracia’», BAP 24 (1968), 257-258.	XI	29-30			
	473		«Aitonen, aitoren seme ‘noble hidalgo’», BAP 24 (1968), 3-18 [= SHLV II, 516-527].	VIII	267-284			
	474		«Aspecto formal de la oposición nominativo / acusativo», Actas del III congreso español de estudios clásicos (Madrid, 28 de marzo - 1 de abril de 1966), Madrid 1968, III, 145-158 [= LH, 229-239].	I	309-322			
	475		«El vasco y las lenguas antiguas de España y Francia», La gran enciclopedia vasca, Bilbao 1968, III, 410-420.	V	161-176			
	476		«Euskaltzaindiaren euskal iztegiaz», Euskera 13 (1968), 270-271 [= MEIG VII, 75-77].	X	463-465			
	477		«[Euskararen batasun bideak] Ortografia», Euskera 13 (1968), 203-219 [= MIH, 95-116; MEIG VII, 135-153; SHLV II, 972-983; SW, 253-271; v. 488].	X	23-39			
	478		«La lengua vasca», La gran enciclopedia vasca, Bilbao 1968, III, 486-492.	v214				
	479		«La literatura en lengua vasca», La gran enciclopedia vasca, Bilbao 1968, III, 11-19.	v241				
	480		«Lat. s: el testimonio vasco», Actas del XI congreso internacional de lingüística y filologia románicas, Madrid 1968, 473-489 [= LH, 282-295].	I	343-358			
	481		«L’euskaro-caucasien», Le langage, Paris 1968, 1414-1437 [= LH, 458-475].	IV	171-192			
	482		«Linguistika berriaren berri onak», Jakin 1968-1 [= MIH, 191-199; MEIG VI, 89-96].	II	63-69			
	483		«Sarrera gisa»: B. Dechepare, Olerkiak, Donostia 1968, 5-15 [= MEIG V, 21-30; SHLV II, 756-761; EN, 147-156; GA, 125-132; v. 604].	XI	87-95			
	484		[con M. Agud], «Nombres de la comadreja en el País Vasco», ASJU 2 (1968), 73-85 [= SHLV II, 528-537].	VIII	391-403			
	485	R	H. Schuchardt, Primitiae linguae Vasconum. Einführung ins Baskische, BAP 24 (1968), 265-266.	X	187-189			
	486	R	V. Väänänen, Introducción al latín vulgar, Emerita 36 (1968), 334 [= LH, 309].	I	323-324			
1969	487		«Comparación y reconstrucción. A propósito de Sproget de Louis Hjelmslev», Emerita 37 (1969), 99-135 [= LH, 23-54].	I	117-158			
	488		«[Euskararen batasun bideak]», Euskaltzaindia, Euskera batasuna. Azken araudiak, Bilbo 1969, 23-43 [= MIH, 95-116; MEIG VII, 135-153; SHLV II, 972-983].	v477				
	489		«La lengua vasca», Guipúzcoa, San Sebastián 1969, 189-221 [= SW, 45-84; v. 576].	IV	13-66			
	490		«Literatura en lengua vasca», G. Díaz-Plaja (dir.), Historia general de las literaturas hispánicas, Barcelona 1969, V, 339-386.	v173				
	491		«Notas lingüísticas a Colección diplomática de Irache», FLV 1 (1969), 1-59 [= PT, 87-140].	IX	463-538			
	492		«Sobre algunos nombres vascos de parentesco», FLV 1 (1969), 113-132 [= SHLV II, 492-508].	VIII	331-354			
	493	R	J. Álvarez Delgado, Inscripciones líbicas de Canarias, Emerita 37 (1969), 201-204.	I	237-241			
	494	R	J. Hubschmid, Die “asko- / usko”-Suffixe und das Problem des Ligurischen, FLV 1 (1969), 397-401.	IV	227-235			
1970	495		"""Estudio sobre las fuentes del Diccionario de Azkue"", Bilbao 1970 [p. 9 en MEIG VIII, 93-94; v. 682]."	VIII	29-191			
	496	R	[Apostillas a L. Villasante, Hacia la lengua literaria común, Oñate 1970].	VII	365-366			
	497		«Betikoaz beti», Zeruko argia 1970-X-18, 3 [= MEIG VIII, 23-25].	X	43-44			
	498		«La lectura en territorio vasco», Zephyrus 21-22 (1970-1971), 281-287 [= PT, 261-268].	V	267-275			
	499		«Nombre y verbo en la etimología vasca», FLV 2 (1970), 67-93 [= PT, 283- 309].	VII	235-267			
	500		«Pro domo», Egan 1970 [1-3], 11-26 [= MIH, 211-231; MEIG VIII, 133-151; EN, 327-345; GA, 281-296].	XIV	121-137			
1971	501		«Descubrimiento y redescubrimiento en textos vascos», FLV 3 (1971), 149- 169 [= SHLV II, 713-728].	XI	327-350			
	502		«Egunak eta egun izenak», Munibe 23 (1971), 583-591 [= PT, 269-282; MEIG VII, 93-110].	VIII	355-370			
	503		«[Eleizaldez] Mitxelena jaunaren hitzen laburpena, Eleizaldez», Euskera 16 (1971), 73-76 [= MEIG VIII, 53-56].	X	295-298			
	504		«El indoeuropeo», Universitas [Salvat], Barcelona 1971, I, 157-163.	I	245-253			
	505		«Gramática generativa y lingüística histórica», REL 1 (1971), 211-233 [= LH, 55-72].	I	159-180			
	506		«Lengua y cultura», Primera semana internacional de antropología vasca, Bilbao 1971, 305-340 [= LH, 143-162].	II	81-108			
	507		«Notas sobre las lenguas de la Navarra medieval», Homenaje a don José Esteban Uranga, Pamplona 1971, 199-214 [= PT, 73-85].	V	379-395			
	508		«Siquiera prescripción», BAP 27 (1971), 404-406.	IX	425-427			
	509		«Toponimia, léxico y gramática», FLV 3 (1971), 241-267 [= PT, 141-167].	IX	275-308			
	510		«Urquijo y la Sociedad de Estudios Vascos», ASJU 5 (1971), 47-66 [= LH, 97-112].	X	259-280			
	511		[con H. Polge], «Les appellations basques et gasconnes du marron d’Inde», FLV 3 (1971), 11-14.	VIII	415-418			
	512	R	A. Martinet, dir., La linguistique. Guide alphabétique, REL 1 (1971), 195-202.	II	19-28			
1972	513		"""Mitxelenaren idazlan hautatuak"" [= MIH], P. Altuna ed., Bilbo 1972 [= 17, 25, 52, 58, 68, 74, 75, 76, <77>, 83, 92, 102, 107, 108, <112>, <114>, 116, 124, 127, 129, 138, 139, 141, 201, 236, 242, 256, 291, 370, 422, 477, 482, 488, 500, 515, 518]."					
	514		"""Zenbait hitzaldi"", Bilbo 1972 [v. 626bis, 730]."	II	175-280			
	515		«Aditz batuaz», MIH, 119-125 [= MEIG VII, 155-160].	X	105-110			
	516		«A note on old Labourdin accentuation», ASJU 6 (1972), 110-120 [= PT, 235-244].	VII	163-175			
	517	R	[Apostillas a L. Villasante, La declinación del vasco literario común, Oñate 1972].	VII	367-371			
	518		«Azken ordukoak», MIH, 365-401 [= MEIG VIII, 151-185; EN, 347-381; GA, 297-325; v. 658].	XIV	7-36			
	519		«Color y sonido en la lengua», REL 2 (1972), 83-102 [= LH, 163-177].	II	109-127			
	520		«De la ambigüedad sintáctica», REL 2 (1972), 237-247.	II	1-11			
	521		«De los vascos y de su carácter», Triunfo 9-XII-1972, 67-73 [= EN, 29-41].	XIV	139-152			
	522		«Distribución defectiva y evolución fonológica», Studia Hispanica in honorem R. Lapesa, Madrid 1975, III, 337-349 [= LH, 240-252].	I	181-196			
	523		«Etimología y transformación», Homenaje a Antonio Tovar, Madrid 1972, 305-317 [= LH, 296-308].	VII	93-108			
	524		«Euskara Nafarroan», Zeruko argia 1972-XII-2, 3 [= MEIG III, 155-156; MEIG VIII, 25-26].	X	471-472			
	525		«Léxico vasco y etimología», Beiträge zur Romanistik und allgemeinen Sprachwissenschaft. Festschrift Wilhelm Giese, Hamburg 1972, 79-95 [= PT, 337-348].	VIII	659-673			
	526		«Nota marginal sobre la huella latina en la lengua vasca», FLV 4 (1972), 5-25 [= SHLV I, 121-137].	V	277-301			
	527		«Notas de toponimia», Estudios de Deusto 20 (1972), 329-331 [v. 539].	IX	327-329			
	528		«Pío Baroja», Letras de Deusto 2 (1972), 191-196.	v108				
	529		«Presentación / Aurkezpen gisa»: Basque linguistic seminar, Universitiy of Nevada, summer 1972, ASJU 6 (1972), 3-4 [= MEIG VIII, 110-111].	X	467-469			
	530		«Préstamos lingüísticos del latín al euskera», Estudios de Deusto 20 (1972), 333-334 [v. 540].	V	303-304			
	531		«Romanización de Guipúzcoa», Estudios de Deusto 20 (1972), 283-285 [v. 541].	XIV	493-495			
1973	532		"""Apellidos vascos"", San Sebastián 1973, 3.ª ed. [v. 24, 64, 724]."	IX	1-235			
	533		«Aditz laguntzaile batua: zenbait argitasun eta argibide», Euskera 17 (1973), 12-15 [= MEIG VIII, 94-98].	X	111-114			
	534		«Allende dela eta», Zeruko argia 1973-X-7, 5 [= MEIG VIII, 36-38; EN, 299-301; GA, 257-258].	XIV	157-159			
	535		«Aspaldiko berriak», Oarso 1973, 13-14 [= GA, 25-28].	XIV	37-40			
	536		«D. Julio de Urquijo y los estudios vascos», Homenaje a la memoria de D. Julio de Urquijo e Ybarra al cumplirse el centenario de su nacimiento, celebrado en Bilbao el día 12 de mayo de 1972, Bilbao 1973, 9-21.	X	281-288			
	537		«Guillaume de Humboldt et la langue basque», Lingua e stile 8 (1973), 107-145 [= LH, 126-142; v. 568].	X	161-181			
	538		«Las lenguas y la política», Boletín informativo de la Fundación Juan March 17 (1973), 261-273 [= LH, 178-190; v. 553].	II	129-143			
	539		«Notas de toponimia», Segunda semana internacional de antropología vasca, Bilbao 1973, 381-383.	v527				
	540		«Préstamos lingüísticos del latín al euskera», Segunda semana internacional de antropología vasca, Bilbao 1973, 385-386.	v530				
	541		«Romanización de Guipúzcoa», Segunda semana internacional de antropología vasca, Bilbao 1973, 335-337.	v531				
	542		«‘Triste bizi naiz eta hilko banintz hobe’», Zeruko argia 1973-I-14, 3 [= MEIG VIII, 27-30].	XIV	153-156			
1974	543		"[con J. de Hoz], ""La inscripción celtibérica de Botorrita"", Salamanca 1974 [v. 549, 552]."	III	207-257			
	544	R	[Apostillas a L. Villasante, Palabras vascas compuestas y derivadas, Oñate 1974].	VII	372-383			
	545		«Basque language», Encyclopaedia Britannica, Chicago 1974 (15th ed.), 762-764.	IV	67-72			
	546		«‘Dama batek jartzia orrenbeste lege…’», Zeruko argia, 1974-X-6, 3 [= MEIG VIII, 31-33; EN, 437-439; GA, 375-377].	XIV	161-163			
	547		«De lexicografía vasca. A propósito de Axular-en hiztegia del Padre Luis Villasante», FLV 6 (1974), 103-121 [= SHLV I, 385-399].	VIII	193-214			
	548		«El elemento latino-románico en la lengua vasca», FLV 6 (1974), 183-209 [= PT, 195-219].	V	305-336			
	549		«Fonología», J. de Hoz, L. Michelena, La inscripción celtibérica de Botorrita, Salamanca 1974, 29-54 [v. 543, 552].	III	226-255			
	550		«‘Gizona abilla da, badu pantasiya’», Zeruko argia 1974-XI-3, 3 [= MEIG VIII, 33-36].	XIV	165-167			
	551		«Gueroco guero», Kindlers Literatur Lexikon, München 1974, X, 4.182.	XI	267-268			
	552		«Introducción», J. de Hoz, L. Michelena, La inscripción celtibérica de Botorrita, Salamanca 1974, 11-25 [v. 543, 549].	III	209-225			
	553		«Las lenguas y la política», Doce ensayos sobre el lenguaje, Madrid 1974, 119-137.	v538				
	554		«Prólogo»: R. Ciérvide Martinena, Registro del Concejo de Olite (1224-1537). Notas y texto paleográfico, Pamplona 1974, 9-11.	V	397-399			
	555		«Sobre la posición lingüística del ibérico», Homenaje a D. Pío Beltrán, Madrid 1974 (Anejos de «Archivo español de arqueología», 7, 1973), 147-153 [= LH, 334-340].	III	129-136			
1975	556	R	«Apostilla a REL 4 (1974), 347-361», REL 5 (1975), 195-196.	II	13-14			
	557		"""Begiarmen, Sei idazle plazara"", Anaitasuna 1975-I-15, 8-9 [= MEIG VIII, 39-42; EN, 441-444; GA, 379-382]."	XIV	169-172			
	558		«Desde Salamanca…», Oarso 1975, 59-61.	XIV	173-177			
	559		«Eduardo Txillidaz», Zeruko argia 1975-IV-13, 7 [= MEIG VIII, 57-60].	XIV	289-292			
	560		«El Brocense hoy», Homenaje a la memoria de don Antonio Rodríguez-Moñino 1910-1970, Madrid 1975, 429-442 [= LH, 113-125].	II	47-62			
	561		«Gorputz eta soin», Euskera 20 (1975), 353-358 [= MEIG VII, 87-92; SHLV I, 428-431].	VIII	373-377			
	562	R	X. Lete, A. Zelaieta, A. Lertxundi, Xabier Lizardi, olerkari eta prosista, Anaitasuna 1975-II-15, 9-10. [= GA, 383-386; EN, 445-448].	XIII	460-463			
1976	563		"[Ed.], ""Actas del I coloquio sobre lenguas y culturas prerromanas de la Península Ibérica"" (Salamanca, 27-31 mayo 1974), Salamanca 1976."					
	564		«Acentuación alto-navarra», FLV 8 (1976), 147-162 [= PT, 245-260].	VII	177-194			
	565	R	[Apostillas a L. Villasante, Sintaxis de la oración compuesta, Oñate 1976].	VII	384-411			
	566		«Eduardo Txillidari / A Eduardo Chillida», Revista de Occidente 3 (1976), 33-35 [= EN, 303-306; GA, 259-262].	XIV	293-298			
	567		«Euskaltzaindiaren ikerlanez», Euskera 21 (1976), 160-166 [= MEIG VIII, 98-105].	X	473-479			
	568		«Guillaume de Humboldt et la langue basque», L. Heilmann (ed.), Wilhelm von Humboldt nella cultura contemporanea, Bologna 1976, 113-131.	v537				
	569		«Hitz bitan / En dos palabras»: E. Bozas Urrutia, Nere herriaren ibillaldiak eta gora-beherak (Errenteria kondairan eta ipuin-zaharretan) / Andanzas y mudanzas de mi pueblo (Rentería en la leyenda y en la historia), Donostia / San Sebastián 1976 (2. ed.), xviii-xxxi [= MEIG IX, 40-45].	XIV	527-536			
	570		«Ibérico -en», Actas del I coloquio sobre lenguas y culturas prerromanas de la Península Ibérica, Salamanca 1976, 353-362 [= LH, 379-387].	III	161-171			
	571		«La fragmentación dialectal: conocimientos y conjeturas», REL 6 (1976), 309-326 [= LH, 73-85].	I	197-213			
	572		«Lenguas indígenas y lengua clásica en Hispania», Assimilation et résistence à la culture gréco-romaine dans le monde ancien. Travaux du VIe congrès international d’études classiques (Madrid, septembre 1974), Bucarest-Paris 1976, 41-51 [= LH, 201-212; v. 582].	III	1-16			
	573		«Lexicografía técnica», Tercera semana de antropología vasca, Bilbao 1976, 359-371 [= SHLV I, 400- 408].	VIII	215-227			
	574		«Onomástica y población en el antiguo Reino de Navarra: la documentación de San Millán», XII semana de estudios medievales 1974, Pamplona 1976, 49-71 [= PT, 59-72].	V	361-377			
1977	575		"""Fonética histórica vasca"", San Sebastián 1977, 2.ª ed. [v. 279, 690, 727]."	VI				
	576		"""La lengua vasca"", Durango 1977 [= SW, 45-84]."	v489				
	577		«El largo y difícil camino del euskara», El libro blanco del euskara, Bilbao 1977, 15-29 [= EN, 383-403].	X	501-521			
	578		«Euskal hizkera eta euskal neurkera», Euskera 22 (1977), 721-733 [= MEIG IV, 91-105; SHLV II, 704-712].	XIII	277-289			
	579		«Glosas emilianenses», Deia 27-XII-1977, 2.	XIV	201-202			
	580		«Hitzaurrea»: Udal izendegia, Euskera 23 (1978), 313-316 [= MEIG VIII, 114-118; v. 617].	X	119-122			
	581		«‘Jaioko dira berriak’», Deia 8-VI-1977, 2 [= MEIG VIII, 42-47; EN, 461-466; GA, 397-401].	XIV	179-183			
	582		«Lenguas indígenas y lengua clásica en Hispania», Gaiak 3 (1977), 341-352.	v572				
	583		«Motivo español», Egan 1977 [1-6], 107-117 [= MEIG IX, 89-100].	XIV	63-73			
	584		«Notas sobre compuestos verbales vascos», Revista de dialectología y tradiciones populares 33 (1977), 245-271 (Homenaje a don Vicente García de Diego) [= PT, 311-335].	VII	269-300			
	585		«Unibertsitatea eta irakaskuntza gure artean», Jakin 1977, 56-66 [= MEIG IX, 23-34; EN, 449-459; GA, 387-396].	XIV	185-195			
	586		«Universidad y distrito universitario», Deia 18-VIII-1977, 3.	XIV	197-200			
1978	587		«Alguna coincidencia interdialectal»: «Miscelánea filológica vasca, I, 5», FLV 11 (1978), 225-228 [= PT, 382-385; v. 599].	VII	315-319			
	588		«Al pie de la letra»: «Miscelánea filológica vasca, II, 1», FLV 10 (1978), 389-393 [= PT, 387-391; v. 600].	XI	107-112			
	589	R	[Apostillas a L. Villasante, Estudios de sintaxis vasca, Oñate 1978].	VII	412-423			
	590		«Arantzazutik Bergarara», Euskera 23 (1978), 467-477 [= MEIG VII, 161-172; SHLV II, 984-990; SW, 273-282].	X	45-54			
	591		«Aspectos de la métrica de Aresti»: «Miscelánea filológica vasca, II, 4», FLV 10 (1978), 406-413 [= PT, 404-410; v. 600].	XIII	317-326			
	592		«El Nuevo Testamento de Leiçarraga»: «Miscelánea filológica vasca, I, 3», FLV 11 (1978), 219 [= PT, 376-377; v. 599].	XI	121-123			
	593		«El texto de Peru Abarca», ASJU 12-13 (1978-1979), 201-224 [= SHLV II, 932-947].	XI	557-579			
	594		«Euskal hitzen jatorri eta itxura desberdinaz», Euskera 23 (1978), 773-785 [= MEIG VII, 173-186; SHLV I, 341-348].	X	67-78			
	595		«Euskara eta euskal literaturaren lekukoak», Euskera 23 (1978), 251-252 [= MEIG IV, 107-108].	X	523-524			
	596		«Euskararen bide luze bezain malkarrak», Euskararen liburu zuria, Bilbo 1978, 15-28 [= MEIG VI, 25-45; SHLV II, 1.011-1.023; GA, 327-345].	X	481-499			
	597		«Iztueta, testigo político de su época», Euskal Herria (1789-1850). Actes du colloque international d’études basques (Bordeaux, 3-5 mai 1973), Bayonne 1978, 167-179 [= PT, 349-361].	XI	589-604			
	598		«Los textos hispánicos prerromanos en lengua indoeuropea», Actas del V congreso español de estudios clásicos (Madrid, 20 al 25 de abril de 1976), Madrid 1978, 433-448 [= LH, 388-402].	III	17-35			
	599		«Miscelánea filológica vasca, I», FLV 10 (1978), 205-228 [= PT, 363-385].	587	592	601	603	 607.
	600		«Miscelánea filológica vasca, II», FLV 10 (1978), 389-413 [= PT, 387-410].	588	591	602	 608.	
	601		«Oldoztu: ¿pensar o no pensar?»: «Miscelánea filológica vasca, I, 1», FLV 10 (1978), 205-208 [= PT, 363-366; v. 599].	VII	443-447			
	602		«Para la historia de la ortografía vasca»: «Miscelánea filológica vasca, II, 2», FLV 10 (1978), 393-397 [= PT, 391-395; v. 600].	XI	403-409			
	603		«Relato y orden de palabras»: «Miscelánea filológica vasca, I, 4», FLV 11 (1978), 220-225 [= PT, 377-382; v. 599].	VII	321-327			
	604		«Sarrera gisa»: B. Etxepare, Olerkiak, Donostia 1978, 5-15.	v483				
	605		«Sobre bilingüismo», Estudios y trabayos del Seminariu de Llingua Asturiana, Oviedo 1978, 29-36 [= LH, 191-200].	II	145-157			
	606		«Sobre los posesivos», [Apostillas a L. Villasante, Estudios de sintaxis vasca, Oñate 1978, 180-182].	VII	455-457			
	607		«Vasc. on da / gauza ona da»: «Miscelánea filológica vasca, I, 2», FLV 11 (1978), 208-218 [= PT, 366-376; v. 599].	VII	301-314			
	608		«Xokudi y otros en Barrutia»: «Miscelánea filológica vasca, II, 3», FLV 10 (1978), 398-406 [= PT, 395-404; v. 600].	XI	411-422			
1979	609		«Algo más sobre grafías de Refranes y sentencias»: «Miscelánea filológica vasca, III, 2», FLV 11 (1979), 220-225 [= PT, 418-423; v. 621].	XI	169-175			
	610		«Algunas dudas sobre gurenda»: «Miscelánea filológica vasca, III, 4», FLV 11 (1979), 230-236 [= PT, 427-433; v. 621].	VIII	449-456			
	611		«Algunas observaciones sobre los cantares de la quema de Mondragón»: «Miscelánea filológica vasca, IV, 3», FLV 11 (1979), 397-406 [= PT, 454-463; v. 622].	XI	41-51			
	612		«‘Arratsaldea zan alakoa’»: «Miscelánea filológica vasca, III, 3», FLV 11 (1979), 226-230 [= PT, 423-427; v. 621].	VII	329-334			
	613		«De nuevo sobre el texto de Barrutia»: «Miscelánea filológica vasca, IV, 1», FLV 11 (1979), 377-379 [= PT, 435-437; v. 622].	XI	423-425			
	614		«De prosa y versos», Muga 2 (1979), 6-10 [= Muga 63, 1988, 46-49].	XIV	203-209			
	615		«Euskararen izterlengusuak direla eta», Euskera 24 (1979), 161-163 [= PT, 57-58; MEIG VI, 121-123].	IV	167-169			
	616		«Gabriel Aresti eta Egan», G. Aresti, Ipuinak, Donostia 1979, 12-16 [= MEIG V, 131-136; EN, 307-311; GA, 263-267; v. 645].	XIII	327-331			
	617		«Hitzaurrea»: Euskal Herriko udalen izendegia. Nomenclátor de los municipios del País Vasco. Nomenclature des communes du Pays Basque, Bilbo 1979, 5-8.	v580				
	618		«Intolerancia y antiestatutismo», Muga 2 (1979), 12-14 [= Muga 63, 1988, 18-21].	XIV	211-214			
	619		«La langue ibère», Actas del II coloquio sobre lenguas y culturas prerromanas de la Península Ibérica, Salamanca 1979, 23-39 [= LH, 341-356].	III	137-155			
	620		«La letra h en los Refranes y sentencias de 1596»: «Miscelánea filológica vasca, III, 1», FLV 11 (1979), 213-220 [= PT, 411-418; v. 621].	XI	159-167			
	621		«Miscelánea filológica vasca, III», FLV 11 (1979), 213-236 [= PT, 411-433].	609	610	612	 620.	
	622		«Miscelánea filológica vasca, IV», FLV 11 (1979), 377-406 [= PT, 435-463].	611	613	 625.		
	623		«Prólogo»: F. M. Altuna, Versificación de Dechepare. Métrica y pronunciación, Bilbao 1979, 7-10.	XI	97-101			
	624		«Sabino Arana según Jean-Claude Larronde», Muga 1 (1979), 100-104 [= Muga 63, 1988, 22-27].	X	247-254			
	625		«Vizc. a- con temas demostrativos»: «Miscelánea filológica vasca, IV, 2», FLV 11 (1979), 379-397 [= PT, 437-454; v. 622].	VII	213-234			
	626	R	J. Allières, Manuel pratique de basque, BAP 35 (1979), 573-578.	X	680-685			
1980	626bis		"""Zenbait hitzaldi"", Bilbo 1980 [v. 730]. v. 514."					
	627	R	[Apostillas a L. Villasante, La h en la ortografía vasca, Oñate 1980].	VII	447-454			
	628	R	[Apostillas a L. Villasante, Sintaxis de la oración simple, Oñate 1980].	VII	424-446			
	629		«Barandiaran jauna eta gure kultura», Egan 1980 [1-6], 123-128 [= MEIG VIII, 60-65; EN, 313-318; GA, 269-273; v. 657, 668].	X	309-313			
	630		«Ereintza: siembra del nacionalismo vasco», Muga 6 (1980), 122-123.	X	289-292			
	631		«La universidad vasca», Muga 5 (1980), 2-7 [= Muga 63, 1988, 40-45].	XIV	215-223			
	632		«Notas lingüísticas al nuevo bronce de Contrebia», ASJU 14 (1980), 87-97 [= LH, 403-408].	III	181-189			
	633		«Prólogo»: M. Agud, Elementos de cultura material en el País Vasco. Nombres de vasijas, recipientes y similares, San Sebastián 1980, 7-10.	VIII	457-460			
	634		«Prólogo»: L. Villasante, La h en la ortografía vasca, Oñate 1980, 5-15.	X	55-58			
	635		[con F. J. Oroz], «Zur Volksliteratur der Basken. Das Lied “Haltzak eztü bihotzik”», Romania cantat. Lieder in alten und neuen Chorsätzen mit sprachlichen, literarischen und musikwissenschaftlichen Interpretationen. Gerhard Rohlfs zum 85. Geburtstag gewidmet, hrsg. F. J. Oroz Arizcuren, Tübingen 1980, II, 533-548.	v241				
	636	R	A. Tovar, Mitología e ideología sobre la lengua vasca, Muga 10 (1980), 122-128 [= Muga 63, 1988, 74-80; SHLV II, 920- 926].	X	125-133			
1981	637		"""Comparación y reconstrucción en lingüística. Lección inaugural del curso académico 1981-1982"" [Universidad del País Vasco / Euskal Herriko Unibertsitatea] pronunciada por…, octubre 1981, Bilbao 1981 [= LH, 86-96]."	I	215-232			
	638		Denbora bateko zinema paperak. K. Mitxelenari omenaldia, Bilbo 1981 («Bilboko nazioarteko zinema labur eta dokumentalaren 23. lehiaketa») [v. 640].	v746				
	639		«Apodaka», Homenaje a Odón de Apraiz, Vitoria 1981, 259-261 [= PT, 183-185; MEIG VII, 111-114].	IX	375-378			
	640		«Denbora bateko zinema paperak», Denbora bateko zinema paperak. K. Mitxelenari omenaldia, Bilbo 1981 («Bilboko nazioarteko zinema labur eta dokumentalaren 23. lehiaketa»), 13 [= EN, 481-484; GA, 417-420; ZP, 13-17; v. 638, 746].	XIV	395-398			
	641		«Encuestas lingüísticas en el País Vasco», Euskera 26 (1981), 133-145 [= SHLV I, 323-333].	VII	489-504			
	642		«Etxepareren edizio kritikoa aurkeztean», Euskera 26 (1981), 453-454 [= MEIG V, 31-34].	XI	103-105			
	643		«Euskal literaturaren bereizgarri orokorrak», Euskal linguistika eta literatura: bide berriak, Bilbo 1981, 259-278 [= MEIG IV, 49-72; SHLV II, 680-693; EN, 69-89; GA, 53-72; SW, 191-209].	XIII	211-231			
	644		«Euskal literaturaren kondairarako oinarriak», Euskal linguistika eta literatura: bide berriak, Bilbo 1981, 279-292 [= MEIG IV, 73-89; SHLV II, 694-703; EN, 91-106; GA, 73-86; SW, 211-225].	XIII	233-246			
	645		«Gabriel Aresti eta Egan», G. Aresti, Ipuinak, Donostia 1981, 12-16.	v616				
	646		«Galdegaia eta mintzagaia euskaraz», Euskal linguistika eta literatura: bide berriak, Bilbo 1981, 57-81 [= MEIG VI, 137-167; SHLV II, 656-673].	VII	335-361			
	647		«Hondarribiko bilkurak direla eta», Euskera 26 (1981), 123-126 [= MEIG VIII, 106-110].	X	525-528			
	648		«Lengua común y dialectos vascos», ASJU 15 (1981), 291-313 [= PT, 35-55; SW, 301-325].	VII	517-543			
	649		«Nuestra irresistible ascensión de la poesía a la ciencia», Muga 19 (1981), 4-19 [= SHLV II, 1.000-1.010].	XIV	225-240			
	650		«Patxi Altunari erantzunez», Euskera 26 (1981), 617-626 [= MEIG IV, 109-122; EN, 181-192; GA, 153-163].	X	329-339			
	651		«Perspective de recherches futures», Euskalarien nazioarteko jardunaldiak, Bilbo 1981, 417-426 [= pp. 425-426 en MEIG VIII, 118-121; SHLV II, 991-999].	X	529-541			
	652		«Sobre las necesidades de una exploración lingüística en Euskal Herria», Euskera 26 (1981), 873-881.	VII	505-515			
	653		«Udal izenen ofizialtasuna», Euskera 26 (1981), 435-436 [= MEIG VIII, 112-114].	X	115-117			
	654		[con A. Tovar y E. Otte], «Nuevo y más extenso texto arcaico vasco: de una carta del primer Obispo de México, Fray Juan de Zumárraga», Euskera 26 (1981), 5-14 [= SHLV II, 748-755].	XI	67-77			
1982	655		«Acuse de recibo», Deia 15-I-1982, 2.	XIV	241-247			
	656		«[Doctor honoris causa, Bordeaux 1982] Réponse de M. Michelena Elissalt», Université de Bordeaux III. Remise des insignes de docteur honoris causa à M. le professeur Antonio Domínguez Ortiz et à M. le professeur Luis Michelena Elissalt. Allocutions prononcées le 15 juin 1982 dans l’amphithéâtre Renouard, [Bordeaux 1982], 31-36.	XIV	257-262			
	657		«Euskararen eta euskal kulturaren alde izandako jaun beraren lanak», Jose Miguel Barandiaraneri omenaldia (Oñati, 4-11-1979), Donostia 1982, 27-32.	v629				
	658		«Kontu kontari», Muga 24 (1982), 84-89 [= Muga 63, 1988, 60-65].	v518				
	659		«Mendibururen hizkeraz hitz bi», P. Altuna, Mendibururen idazlan argitaragabeak, Bilbo 1982, I, lxxix-lxxxii [= MEIG V, 101-107; SHLV II, 916-919; EN, 201-207; GA, 171-176].	XI	473-478			
	660		«La normalización de la forma escrita de una lengua: el caso vasco», Revista de Occidente 10-11 (1982), 55-75 [= LH, 213-228; SW, 283-300].	X	3-21			
	661		«Sobre la historia de la lengua vasca», ASJU 16 (1982), 141-156 [= PT, 9-21].	V	117-132			
	662		«Sobre la lengua vasca en Álava durante la Edad Media», Vitoria en la Edad Media, Vitoria 1982, 297-306 [= PT, 169-181].	V	403-418			
	663		«Tipología en torno a la lengua vasca», ASJU 16 (1982), 157-170 [= PT, 23-33].	IV	127-144			
	664		«Una inquietud y algunas preguntas», Muga 22 (1982), 4-11 [= Muga 63, 1988, 10-17].	XIV	249-256			
	665		«Un catecismo salacenco», FLV 14 (1982), 21-42.	XI	609-632			
	666		«Vascuence», Nueva enciclopedia Larousse, Barcelona 1982, XX, 10.145, 10.391.	IV	73-77			
1983	667		«Euskalkien ageriko aurpegia», Euskera 28 (1983), 245-252 [= MEIG VI, 125-136; SHLV I, 334-340].	VII	561-570			
	668		«Euskararen eta euskal kulturaren alde izandako jaun beraren lanak [J. M. Barandiaran]», RIEV 28 (1983), 203-206.	v629				
	669		«Gamizen liburua aurkeztatzean», Euskera 28 (1983), 363-364 [= MEIG V, 113-115; SHLV II, 927-928].	XI	527-529			
	670		«Hitz mailebatuez», Euskera 28 (1983), 103-105 [= MEIG VII, 187-190; SHLV I, 436-438].	X	79-82			
	671		«Iruñea», Piarres Lafitte-ri omenaldia, Bilbo 1983, 445-451 [= PT, 187-193; MEIG VII, 115-123].	IX	381-389			
	672		«La langue basque», Être basque, Toulouse 1983, 225-265.	v704				
	673		«Mendiburu eta Larramendi», Euskera 28 (1983), 19-23 [= MEIG V, 95-100; SHLV II, 912-915; EN, 193-199; GA, 165-170].	XI	467-472			
	674		«Sarrera»: J. Goikoetxea Maiza, Juan Bautista Gamiz Ruiz de Oteo, poeta bilingüe alavés del siglo XVIII, Vitoria 1983, 5-6 [= MEIG V, 109-111; SHLV II, 929-931].	XI	523-526			
	675		«Vitoria-Gasteiz», Euskera 28 (1983), 135 [v. 683].	IX	379-380			
	676	R	J. M. Sánchez Carrión ‘Txepetx’, El espacio bilingüe. Aspectos etnolingüísticos del bilingüismo y teoría lingüística de los espacios, RIEV 28 (1983), 91-94.	X	543-547			
1984	677		«Ad experiendum», ASJU 18-1 (1984), 219-239 [= MEIG V, 71-93; SHLV II, 886-899].	XI	381-399			
	678		«Aurkezpena»: I. Sarasola, Hauta-lanerako euskal hiztegia. A-Aurten, Donostia 1984, 11-23 [= MEIG VII, 25-45; SHLV I, 349-360; EN, 405-426; GA, 347-363; v. 738].	X	83-99			
	679		«Bigarrengo adabakiak», Egan 1984 [3-4], 197-203 [= MEIG I, 255-262; EN, 467-474; GA, 403-409].	XIV	271-277			
	680		«Estratos en la toponimia alavesa», La formación de Álava. 650 aniversario del Pacto de Arriaga (1332-1982). Congreso de estudios históricos, Vitoria 1984, 279-288 [= SHLV II, 604-613].	IX	353-366			
	681		«Euskara eta euskararekiko ikerlanak (1700-1880)», IX congreso de estudios vascos. Antecedentes próximos de la sociedad vasca actual. Siglos XVIII y XIX, San Sebastián 1984, 237-250 [= MEIG VI, 47-74; SHLV II, 948-964; EN, 107-132; GA, 87-111].	X	137-160			
	682		«Estudio sobre las fuentes del diccionario de Azkue», R. M. de Azkue, Diccionario vasco-español-francés, Bilbao 1984, 17-104.	v495				
	683		«La denominación de Vitoria-Gasteiz», Gasteiz 27 (1984), 51.	v675				
	684		«Lingüística inmanente y lingüística trascendente», ASJU 18-2 (1984), 249-266 [= SHLV II, 645-655].	II	159-174			
	685		«Los vascos y su nombre», RIEV 29 (1984), 9-29 [= SHLV II, 538-554; SW, 85-109].	VIII	285-309			
	686		«[Ossian Preis 1983. Koldo Mitxelena jaunaren hitzak. Traducción de las palabras del Prof. Dr. Luis Michelena]», Stiftung FVS zu Hamburg, Verleihung des Ossian-Preises 1983 an Herrn Prof. Dr. Dr. h. c. Luis Michelena am 10. März 1983 in Vitoria, [Hamburg 1984], 17-23 [v. 711, 745].	XIV	263-269			
	687		«Presentación»: M.ª Teresa Echenique Elizondo, Historia lingüística vasco-románica. Intento de aproximación, San Sebastián 1984, 11-13 [v. 714].	V	357-360			
	688		«[Prólogo]»: Julien Vinson, Essai d’une bibliographie de la langue basque, San Sebastián 1984, 1-9.	X	191-197			
	689		«Romanización y lengua vasca», FLV 16 (1984), 189-198 [= SHLV I, 156-165; SW, 111-124].	V	337-350			
1985	690		"""Fonética histórica vasca"", San Sebastián 1985, 2.ª ed., 2.ª impr. [v. 279, 727]."	v575				
	691		"""Lengua e historia"" [= LH], Madrid 1985 [= 22, 42, 66, 121, 122, 268, 288, 405, 431, 459, 471, 474, 480, 481, 486, 487, 505, 506, 510, 519, 522, 523, 537, 538, 555, 560, 570, 571, 572, 598, 605, 619, 632, 637, 660, 694]."	v694				
	692		«Algunos nombres de Contrasta», ASJU 19 (1985), 595-602 [= SHLV II, 614-619].	IX	367-374			
	693		«Campionen Gramática eta beste», Euskera 30 (1985), 63-70 [= MEIG VI, 75-87; SHLV II, 965-971].	X	199-208			
	694		«Epílogo [y lema]»: L. Michelena, Lengua e historia, Madrid 1985, 7 y 477-487 [v. 691].	X	555-569			
	695		«Esaera zahar baten bigarren agerraldia», Aingeru Irigarayri omenaldia, Donostia 1985, 209-217 [= MEIG VI, 185-194; SHLV II, 880-885].	XI	177-185			
	696		«In memoriam Antonio Tovar Llorente» ASJU 19 (1985), 285-288.	X	317-320			
	697		«Mailegu berrien idazkera», Euskera 30 (1985), 457-459 [= MEIG VII, 191-194].	X	101-103			
	698		«Pello Salabururen Euskaltzaindian sartzea», Euskera 30 (1985), 331-339 [= MEIG VI, 107-119].	II	71-80			
	699		«Prólogo»: J. Arzamendi, Términos vascos en documentos medievales de los siglos XI-XVI, Bilbao 1985, 7-9.	IX	539-544			
1986	700		"""Lenguas y protolenguas"", Salamanca 1986, 2.ª impr. [v. 728]."	v364				
	701		«Antonio Tovar oroitzapenetan (1911-1985)», Euskera 31 (1986), 249-252 [= MEIG VIII, 84-88; EN, 319-323; GA, 275-278].	X	321-325			
	702		«Contra Lekobide», ASJU 20 (1986), 291-313 [= SHLV II, 851-865].	XI	229-250			
	703		«Eratorbidea eta deklinabidea», Euskera 31 (1986), 535-541[= MEIG VI, 169-177; SHLV II, 674-679].	VII	201-208			
	704		«La lengua vasca», Ser vasco, Bilbao 1986, 225-265 [v. 672].	IV	79-123			
	705		«Liburu sorta zaharberritu baten atarian», Euskal Editoreen Elkartea, Klasikoak, Donostia 1986, 9-19 [= MEIG IV, 123-135; EN, 133-144; GA, 113-122].	X	571-581			
1987	706		"""Diccionario general vasco. Orotariko euskal hiztegia"", Bilbao / Bilbo 1987-2005, I-XVI."					
	707		Palabras y textos[= PT], ed. J. Gorrochategui, Vitoria 1987 [= 466, 491, 498, 499, 502, 507, 509, 516, 525, 548, 564, 574, 584, 587, 588, 591, 592, 597, 599, 600, 601, 602, 603, 607, 608, 609, 610, 611, 612, 613, 615, 620, 621, 622, 625, 639, 648, 661, 662, 663, 671, 716].					
	708		«Baskisch = Hispanisch oder = Gallisch?», J. Gorrochategui, J. L. Melena, J. Santos (eds.), Studia palaeohispanica. Actas del VI coloquio sobre lenguas y culturas paleohispánicas (Vitoria-Gasteiz, 6-10 mayo 1985), Vitoria 1987, 93-104 [= Veleia 2-3, 1985-1986].	V	177-195			
	709		«Gipuzkoarra naiz», E. Jimeno, Gipuzkoar zantzuak. Trazos de Guipúzcoa, Donostia / San Sebastián 1987, 239-242 [= MEIG IX, 149-152; GA, 411-413; v. 717].	XIV	41-46			
	710		«[Informe sobre el] Diccionario general vasco. Orotariko euskal hiztegia»: L. Michelena, Diccionario general vasco. Orotariko euskal hiztegia. I. A-Ama, Bilbao / Bilbo 1987, xi.	X	619-620			
	711		«Koldo Mitxelena jaunaren hitzak Ossian saria jasotzean», K. Mitxelena: gizona eta hizkuntza, Donostia 1987 [= Egan 40, 1987], 21-24.	v686				
	712		«Literatura en lengua vasca», País Vasco, Madrid, [Fundación Juan March], 1987, 87-109.	XIII	247-276			
	713		«Orotariko euskal hiztegiaren inguruan», Euskera 32 (1987), 127-129 [= MEIG VII, 79-81].	X	615-617			
	714		«Presentación a la primera edición»: M.ª Teresa Echenique Elizondo, Historia lingüística vasco-románica, Madrid 1987, 11-13.	v687				
	715		«[Prólogo]»: J. Garmendia Larrañaga, Léxico etnográfico vasco. Euskal lexiko etnografikoa, San Sebastián / Donostia 1987, xix-xxiii.	VIII	229-231			
	716		«Rectificaciones y enmiendas»: L. Michelena, Palabras y textos, Vitoria 1987, 467-492 [v. 707].	X	583-613			
	717		«Soy guipuzcoano», E. Jimeno, Gipuzkoar zantzuak. Trazos de Guipúzcoa, Donostia / San Sebastián 1987, 239-242 [= EN, 475-477; v. 709].	XIV	41-46			
1988	718		Euskal idazlan guztiak [= MEIG], Donostia 1988, I-IX					
	719		"""Historia de la literatura vasca"", San Sebastián 1988 [v. 744]."	v241				
	720		Sobre historia de la lengua vasca [= SHLV], ed. J. A. Lakarra, San Sebastián 1988, I-II					
	721		«Agur eta ohore», Euskara biltzarra. II Euskal Mundu-Biltzarra, Gasteiz 1988, I, 3-8.	X	621-625			
	722		«[Doctor honoris causa, Barcelona 1983] Reflexions retrospectives», Límits. Revista d’assaig i d’informació sobre les ciències del llenguatge 4 (maig 1988), 7-18.	XIV	279-288			
	723		«Koldo Mitxelenak Urduñan telefonoz esana Licenciado Pozari buruz», Euskera 33 (1988), 285.	X	135			
1989	724		"""Apellidos vascos"", San Sebastián 1989 [v. 24, 64]."	v532				
	725		«[A propósito del catecismo vasco de Ubillos]», FLV 21 (1989), 149-160.	XI	537-549			
	726		«Notas acerca de unos versos euskéricos sobre “Paz y Fueros”», Oarso 1989, 17-20.	XI	637-644			
1990	727		"""Fonética histórica vasca"", San Sebastián 1990, 2.ª ed., 3.ª impr. [v. 279, 690]."	v575				
	728		"""Lenguas y protolenguas"", San Sebastián 1990, 3.ª impr. [v. 700]."	v364				
	729		"""Textos arcaicos vascos"", San Sebastián 1990, 2.ª impr."	v395				
	730		"""Zenbait hitzaldi"", Donostia 1990, 2. inpr. [v. 626bis]."	v514				
	731		«De re linguistica», FLV 22 (1990), 133-138.	X	549-554			
1991	732		«De dialectología vasca», FLV 23 (1991), 179-203.	VII	707-742			
	733		«Hitz eta izenen jatorriaz», E. Knörr, M.ª Á. Líbano, eds., Actas de las I jornadas de onomástica. Toponimia (Vitoria-Gasteiz, abril de 1986). I. Onomastika jardunaldien agiriak. Toponimia (Gasteiz, 1986ko apirila), Bilbao / Bilbo 1991 («Onomasticon Vasconiae», 4), 25-35.	IX	391-401			
1992	734		«Fenómenos de convergencia en la historia de los dialectos vascos», FLV 24 (1992), 355-366.	VII	545-560			
1993	735		«Eusko y euskal», FLV 25 (1993), 333-337.	VIII	311-316			
1994	736		«Los estudios vascos», FLV 26 (1994), 187-201.	X	417-431			
1995	737		«Problemas generales de la reconstrucción y la posición del grupo de lenguas indoeuropeas del Asia Menor», FLV 27 (1995), 205-242 [v. 740].	I	263-307			
1996	738		«Atarikoak»: I. Sarasola, Euskal hiztegia, Donostia 1996, i-xiii.	v678				
1997	739		"""Languages and protolanguages"", transl. by John Tynan and Charo Pascual Pérez, pref. by J. Gorrochategui, Bilbao 1997."					
1998	740		«Comparación y reconstrucción lingüísticas», FLV 30 (1998), 7-23.	v737				
	741		«Introducción», N. Landuchio, Dictionarium linguae Cantabricae (1562), San Sebastián 1958, 7-48], H. Knörr, K. Zuazo, eds., Arabako euskararen lekukoak. Ikerketak eta testuak / El euskara alavés. Estudios y textos, Gasteiz / Vitoria 1998, 21-48 [v. 164].	v171				
2001	742		Koldo Mitxelena entre nosotros [= EN], ed. A. Lertxundi, San Sebastián 2001 					
	743		Koldo Mitxelena gure artean [= GA], A. Lertxundi ed., Donostia 2001 					
	744		"""Historia de la literatura vasca"", San Sebastián 2001 [v. 719]."	v241				
2005	745		«Goiznabar-zantzuak (Ossian Saria hartzean)», Landazuri 11-12-13 (2005), 5-7.	v686				
2006	746		Denbora bateko zinema paperak (1954-1961) [= ZP], I. Mujika Iraola ed., Donostia 2006, 13-17 [v. 638, 640] [= 52, 75, 76, 77, 112, 113, 114, 115, 142, 143, 144, 179, 180, 219, 254, 293, 640].					
2008	747		Koldo Mitxelena: selected writings of a Basque scholar, compiled and with an introduction by Pello Salaburu, translated by Linda White and M. Dean Johnson, Reno (Nevada), Center for Basque Studies University of Nevada, 2008 (Basque Classics Series, n. 4) [= 14, <241>, 268, <279>, <394>, 477, 489, 576, 590, 643, 644, 648, 660, 685, 689].					
