testu_hitza	lemma	paragrafoa	testuingurua
stabat		https://eu.wikisource.org/wiki/Azkoitiko_Sermoia#3	stabat iuxta crucem Jesu mater eius
iuxta		https://eu.wikisource.org/wiki/Azkoitiko_Sermoia#3	stabat iuxta crucem Jesu mater eius
crucem		https://eu.wikisource.org/wiki/Azkoitiko_Sermoia#3	stabat iuxta crucem Jesu mater eius
jesu		https://eu.wikisource.org/wiki/Azkoitiko_Sermoia#3	stabat iuxta crucem Jesu mater eius
mater		https://eu.wikisource.org/wiki/Azkoitiko_Sermoia#3	stabat iuxta crucem Jesu mater eius
eius		https://eu.wikisource.org/wiki/Azkoitiko_Sermoia#3	stabat iuxta crucem Jesu mater eius
eius		https://eu.wikisource.org/wiki/Azkoitiko_Sermoia#14	Non est qui consoletur eam ex omnibus charis eius
eius		https://eu.wikisource.org/wiki/Azkoitiko_Sermoia#14	ex omnibus charis eius?
beata		https://eu.wikisource.org/wiki/Azkoitiko_Sermoia#3	beata, cuius brachiis pretium pependit saeculi statera facta corporis, tulitque praedam tartari (in hymno).
cuius		https://eu.wikisource.org/wiki/Azkoitiko_Sermoia#3	beata, cuius brachiis pretium pependit saeculi statera facta corporis, tulitque praedam tartari (in hymno).
brachiis		https://eu.wikisource.org/wiki/Azkoitiko_Sermoia#3	beata, cuius brachiis pretium pependit saeculi statera facta corporis, tulitque praedam tartari (in hymno).
pretium		https://eu.wikisource.org/wiki/Azkoitiko_Sermoia#3	beata, cuius brachiis pretium pependit saeculi statera facta corporis, tulitque praedam tartari (in hymno).
pependit		https://eu.wikisource.org/wiki/Azkoitiko_Sermoia#3	beata, cuius brachiis pretium pependit saeculi statera facta corporis, tulitque praedam tartari (in hymno).
saeculi		https://eu.wikisource.org/wiki/Azkoitiko_Sermoia#3	beata, cuius brachiis pretium pependit saeculi statera facta corporis, tulitque praedam tartari (in hymno).
statera		https://eu.wikisource.org/wiki/Azkoitiko_Sermoia#3	beata, cuius brachiis pretium pependit saeculi statera facta corporis, tulitque praedam tartari (in hymno).
facta		https://eu.wikisource.org/wiki/Azkoitiko_Sermoia#3	beata, cuius brachiis pretium pependit saeculi statera facta corporis, tulitque praedam tartari (in hymno).
corporis		https://eu.wikisource.org/wiki/Azkoitiko_Sermoia#3	beata, cuius brachiis pretium pependit saeculi statera facta corporis, tulitque praedam tartari (in hymno).
tulitque		https://eu.wikisource.org/wiki/Azkoitiko_Sermoia#3	beata, cuius brachiis pretium pependit saeculi statera facta corporis, tulitque praedam tartari (in hymno).
praedam		https://eu.wikisource.org/wiki/Azkoitiko_Sermoia#3	beata, cuius brachiis pretium pependit saeculi statera facta corporis, tulitque praedam tartari (in hymno).
tartari		https://eu.wikisource.org/wiki/Azkoitiko_Sermoia#3	beata, cuius brachiis pretium pependit saeculi statera facta corporis, tulitque praedam tartari (in hymno).
in		https://eu.wikisource.org/wiki/Azkoitiko_Sermoia#3	beata, cuius brachiis pretium pependit saeculi statera facta corporis, tulitque praedam tartari (in hymno).
in		https://eu.wikisource.org/wiki/Azkoitiko_Sermoia#8	ordinavit in me charitatem
in		https://eu.wikisource.org/wiki/Azkoitiko_Sermoia#8	distributam in ordines militares, ac in proelium procedentem.
in		https://eu.wikisource.org/wiki/Azkoitiko_Sermoia#8	distributam in ordines militares, ac in proelium procedentem.
in		https://eu.wikisource.org/wiki/Azkoitiko_Sermoia#13	â filio in matrem defluxerunt
in		https://eu.wikisource.org/wiki/Azkoitiko_Sermoia#13	sed omnes isti fluctus â filio in matrem defluxerunt
in		https://eu.wikisource.org/wiki/Azkoitiko_Sermoia#15	omnia flumina intrant in mare, et mare non redundat
in		https://eu.wikisource.org/wiki/Azkoitiko_Sermoia#19	quis est homo, qui non fleret, Christi matrem si videret in tanto supplicio?
in		https://eu.wikisource.org/wiki/Azkoitiko_Sermoia#20	cumque sepelissent Abner in Hebron, leuavit rex Dauid vocem suam et flevit super tumulum Abner
hymno		https://eu.wikisource.org/wiki/Azkoitiko_Sermoia#3	beata, cuius brachiis pretium pependit saeculi statera facta corporis, tulitque praedam tartari (in hymno).
maria		https://eu.wikisource.org/wiki/Azkoitiko_Sermoia#4	Maria
maria		https://eu.wikisource.org/wiki/Azkoitiko_Sermoia#4	Maria
maria		https://eu.wikisource.org/wiki/Azkoitiko_Sermoia#6	Aue Maria
maria		https://eu.wikisource.org/wiki/Azkoitiko_Sermoia#6	ideo quod nomen istud omen amatoris futuri sciret angelus paranimphus hodie salutaris ab nomine abstinuit, nec dixit Aue Maria gratia plena
itsaso		https://eu.wikisource.org/wiki/Azkoitiko_Sermoia#4	itsaso miña
itsaso		https://eu.wikisource.org/wiki/Azkoitiko_Sermoia#6	itsaso miña
miña		https://eu.wikisource.org/wiki/Azkoitiko_Sermoia#4	itsaso miña
miña		https://eu.wikisource.org/wiki/Azkoitiko_Sermoia#6	itsaso miña
ave		https://eu.wikisource.org/wiki/Azkoitiko_Sermoia#6	Ave gratia plena
gratia		https://eu.wikisource.org/wiki/Azkoitiko_Sermoia#6	Ave gratia plena
gratia		https://eu.wikisource.org/wiki/Azkoitiko_Sermoia#6	ideo quod nomen istud omen amatoris futuri sciret angelus paranimphus hodie salutaris ab nomine abstinuit, nec dixit Aue Maria gratia plena
gratia		https://eu.wikisource.org/wiki/Azkoitiko_Sermoia#6	sed Aue gratia plena
plena		https://eu.wikisource.org/wiki/Azkoitiko_Sermoia#6	Ave gratia plena
plena		https://eu.wikisource.org/wiki/Azkoitiko_Sermoia#6	ideo quod nomen istud omen amatoris futuri sciret angelus paranimphus hodie salutaris ab nomine abstinuit, nec dixit Aue Maria gratia plena
plena		https://eu.wikisource.org/wiki/Azkoitiko_Sermoia#6	sed Aue gratia plena
aue		https://eu.wikisource.org/wiki/Azkoitiko_Sermoia#6	Aue Maria
aue		https://eu.wikisource.org/wiki/Azkoitiko_Sermoia#6	ideo quod nomen istud omen amatoris futuri sciret angelus paranimphus hodie salutaris ab nomine abstinuit, nec dixit Aue Maria gratia plena
aue		https://eu.wikisource.org/wiki/Azkoitiko_Sermoia#6	sed Aue gratia plena
ideo		https://eu.wikisource.org/wiki/Azkoitiko_Sermoia#6	ideo quod nomen istud omen amatoris futuri sciret angelus paranimphus hodie salutaris ab nomine abstinuit, nec dixit Aue Maria gratia plena
ideo		https://eu.wikisource.org/wiki/Azkoitiko_Sermoia#17	ideo factum esse arbitror
quod		https://eu.wikisource.org/wiki/Azkoitiko_Sermoia#6	ideo quod nomen istud omen amatoris futuri sciret angelus paranimphus hodie salutaris ab nomine abstinuit, nec dixit Aue Maria gratia plena
nomen		https://eu.wikisource.org/wiki/Azkoitiko_Sermoia#6	ideo quod nomen istud omen amatoris futuri sciret angelus paranimphus hodie salutaris ab nomine abstinuit, nec dixit Aue Maria gratia plena
istud		https://eu.wikisource.org/wiki/Azkoitiko_Sermoia#6	ideo quod nomen istud omen amatoris futuri sciret angelus paranimphus hodie salutaris ab nomine abstinuit, nec dixit Aue Maria gratia plena
omen		https://eu.wikisource.org/wiki/Azkoitiko_Sermoia#6	ideo quod nomen istud omen amatoris futuri sciret angelus paranimphus hodie salutaris ab nomine abstinuit, nec dixit Aue Maria gratia plena
amatoris		https://eu.wikisource.org/wiki/Azkoitiko_Sermoia#6	ideo quod nomen istud omen amatoris futuri sciret angelus paranimphus hodie salutaris ab nomine abstinuit, nec dixit Aue Maria gratia plena
futuri		https://eu.wikisource.org/wiki/Azkoitiko_Sermoia#6	ideo quod nomen istud omen amatoris futuri sciret angelus paranimphus hodie salutaris ab nomine abstinuit, nec dixit Aue Maria gratia plena
sciret		https://eu.wikisource.org/wiki/Azkoitiko_Sermoia#6	ideo quod nomen istud omen amatoris futuri sciret angelus paranimphus hodie salutaris ab nomine abstinuit, nec dixit Aue Maria gratia plena
angelus		https://eu.wikisource.org/wiki/Azkoitiko_Sermoia#6	ideo quod nomen istud omen amatoris futuri sciret angelus paranimphus hodie salutaris ab nomine abstinuit, nec dixit Aue Maria gratia plena
paranimphus		https://eu.wikisource.org/wiki/Azkoitiko_Sermoia#6	ideo quod nomen istud omen amatoris futuri sciret angelus paranimphus hodie salutaris ab nomine abstinuit, nec dixit Aue Maria gratia plena
hodie		https://eu.wikisource.org/wiki/Azkoitiko_Sermoia#6	ideo quod nomen istud omen amatoris futuri sciret angelus paranimphus hodie salutaris ab nomine abstinuit, nec dixit Aue Maria gratia plena
salutaris		https://eu.wikisource.org/wiki/Azkoitiko_Sermoia#6	ideo quod nomen istud omen amatoris futuri sciret angelus paranimphus hodie salutaris ab nomine abstinuit, nec dixit Aue Maria gratia plena
ab		https://eu.wikisource.org/wiki/Azkoitiko_Sermoia#6	ideo quod nomen istud omen amatoris futuri sciret angelus paranimphus hodie salutaris ab nomine abstinuit, nec dixit Aue Maria gratia plena
nomine		https://eu.wikisource.org/wiki/Azkoitiko_Sermoia#6	ideo quod nomen istud omen amatoris futuri sciret angelus paranimphus hodie salutaris ab nomine abstinuit, nec dixit Aue Maria gratia plena
nomine		https://eu.wikisource.org/wiki/Azkoitiko_Sermoia#17	ne materno nomine matri dolorem amplius excitaret.
abstinuit		https://eu.wikisource.org/wiki/Azkoitiko_Sermoia#6	ideo quod nomen istud omen amatoris futuri sciret angelus paranimphus hodie salutaris ab nomine abstinuit, nec dixit Aue Maria gratia plena
nec		https://eu.wikisource.org/wiki/Azkoitiko_Sermoia#6	ideo quod nomen istud omen amatoris futuri sciret angelus paranimphus hodie salutaris ab nomine abstinuit, nec dixit Aue Maria gratia plena
dixit		https://eu.wikisource.org/wiki/Azkoitiko_Sermoia#6	ideo quod nomen istud omen amatoris futuri sciret angelus paranimphus hodie salutaris ab nomine abstinuit, nec dixit Aue Maria gratia plena
sed		https://eu.wikisource.org/wiki/Azkoitiko_Sermoia#6	sed Aue gratia plena
sed		https://eu.wikisource.org/wiki/Azkoitiko_Sermoia#13	sed omnes isti fluctus
sed		https://eu.wikisource.org/wiki/Azkoitiko_Sermoia#13	sed omnes isti fluctus â filio in matrem defluxerunt
mariac		https://eu.wikisource.org/wiki/Azkoitiko_Sermoia#6	Mariac
ordinavit		https://eu.wikisource.org/wiki/Azkoitiko_Sermoia#8	ordinavit in me charitatem
me		https://eu.wikisource.org/wiki/Azkoitiko_Sermoia#8	ordinavit in me charitatem
me		https://eu.wikisource.org/wiki/Azkoitiko_Sermoia#11	flebat irremediabilibus lachrymis, et dicebat heu! heu me! fili mi
me		https://eu.wikisource.org/wiki/Azkoitiko_Sermoia#13	omnes fluctus tuos induxisti super me
me		https://eu.wikisource.org/wiki/Azkoitiko_Sermoia#14	posuit me desolatam, tota die mærore confectam
me		https://eu.wikisource.org/wiki/Azkoitiko_Sermoia#14	longè factus est â me consolator
charitatem		https://eu.wikisource.org/wiki/Azkoitiko_Sermoia#8	ordinavit in me charitatem
distributam		https://eu.wikisource.org/wiki/Azkoitiko_Sermoia#8	distributam in ordines militares, ac in proelium procedentem.
ordines		https://eu.wikisource.org/wiki/Azkoitiko_Sermoia#8	distributam in ordines militares, ac in proelium procedentem.
militares		https://eu.wikisource.org/wiki/Azkoitiko_Sermoia#8	distributam in ordines militares, ac in proelium procedentem.
ac		https://eu.wikisource.org/wiki/Azkoitiko_Sermoia#8	distributam in ordines militares, ac in proelium procedentem.
ac		https://eu.wikisource.org/wiki/Azkoitiko_Sermoia#16	quis mei curam geret ac defendet?
proelium		https://eu.wikisource.org/wiki/Azkoitiko_Sermoia#8	distributam in ordines militares, ac in proelium procedentem.
procedentem		https://eu.wikisource.org/wiki/Azkoitiko_Sermoia#8	distributam in ordines militares, ac in proelium procedentem.
attendite		https://eu.wikisource.org/wiki/Azkoitiko_Sermoia#10	attendite, et videte, si est dolor similis sicut dolor meus
et		https://eu.wikisource.org/wiki/Azkoitiko_Sermoia#10	attendite, et videte, si est dolor similis sicut dolor meus
et		https://eu.wikisource.org/wiki/Azkoitiko_Sermoia#11	flebat irremediabilibus lachrymis, et dicebat heu! heu me! fili mi
et		https://eu.wikisource.org/wiki/Azkoitiko_Sermoia#13	et tuam ipsius animam pertransibit gladius
et		https://eu.wikisource.org/wiki/Azkoitiko_Sermoia#13	et tuam
et		https://eu.wikisource.org/wiki/Azkoitiko_Sermoia#13	et tuam ipsius animam pertransibit gladius
et		https://eu.wikisource.org/wiki/Azkoitiko_Sermoia#15	omnia flumina intrant in mare, et mare non redundat
et		https://eu.wikisource.org/wiki/Azkoitiko_Sermoia#20	scindite vestimenta vestra, et accingimini saccis, et plangite ante exequias Abner
et		https://eu.wikisource.org/wiki/Azkoitiko_Sermoia#20	scindite vestimenta vestra, et accingimini saccis, et plangite ante exequias Abner
et		https://eu.wikisource.org/wiki/Azkoitiko_Sermoia#20	cumque sepelissent Abner in Hebron, leuavit rex Dauid vocem suam et flevit super tumulum Abner
et		https://eu.wikisource.org/wiki/Azkoitiko_Sermoia#20	tum demum cognovit omne vulgus, et Israel universus, quoniam non actum esset a Rege, ut occideretur Abner
videte		https://eu.wikisource.org/wiki/Azkoitiko_Sermoia#10	attendite, et videte, si est dolor similis sicut dolor meus
si		https://eu.wikisource.org/wiki/Azkoitiko_Sermoia#10	attendite, et videte, si est dolor similis sicut dolor meus
si		https://eu.wikisource.org/wiki/Azkoitiko_Sermoia#19	quis est homo, qui non fleret, Christi matrem si videret in tanto supplicio?
est		https://eu.wikisource.org/wiki/Azkoitiko_Sermoia#10	attendite, et videte, si est dolor similis sicut dolor meus
est		https://eu.wikisource.org/wiki/Azkoitiko_Sermoia#12	quidquid crudelitatis inflictum est corporibus martyrum, leve fuit, aut potius, nihil comparatione tuæ passionis
est		https://eu.wikisource.org/wiki/Azkoitiko_Sermoia#13	magna est velut mare contritio tua
est		https://eu.wikisource.org/wiki/Azkoitiko_Sermoia#14	Non est qui consoletur eam ex omnibus charis eius
est		https://eu.wikisource.org/wiki/Azkoitiko_Sermoia#14	longè factus est â me consolator
est		https://eu.wikisource.org/wiki/Azkoitiko_Sermoia#19	quis est homo, qui non fleret, Christi matrem si videret in tanto supplicio?
dolor		https://eu.wikisource.org/wiki/Azkoitiko_Sermoia#10	attendite, et videte, si est dolor similis sicut dolor meus
dolor		https://eu.wikisource.org/wiki/Azkoitiko_Sermoia#10	attendite, et videte, si est dolor similis sicut dolor meus
dolor		https://eu.wikisource.org/wiki/Azkoitiko_Sermoia#11	similis sicut dolor meu
similis		https://eu.wikisource.org/wiki/Azkoitiko_Sermoia#10	attendite, et videte, si est dolor similis sicut dolor meus
similis		https://eu.wikisource.org/wiki/Azkoitiko_Sermoia#11	similis sicut dolor meu
sicut		https://eu.wikisource.org/wiki/Azkoitiko_Sermoia#10	attendite, et videte, si est dolor similis sicut dolor meus
sicut		https://eu.wikisource.org/wiki/Azkoitiko_Sermoia#11	similis sicut dolor meu
meus		https://eu.wikisource.org/wiki/Azkoitiko_Sermoia#10	attendite, et videte, si est dolor similis sicut dolor meus
flebat		https://eu.wikisource.org/wiki/Azkoitiko_Sermoia#11	flebat irremediabilibus lachrymis, et dicebat heu! heu me! fili mi
irremediabilibus		https://eu.wikisource.org/wiki/Azkoitiko_Sermoia#11	flebat irremediabilibus lachrymis, et dicebat heu! heu me! fili mi
lachrymis		https://eu.wikisource.org/wiki/Azkoitiko_Sermoia#11	flebat irremediabilibus lachrymis, et dicebat heu! heu me! fili mi
dicebat		https://eu.wikisource.org/wiki/Azkoitiko_Sermoia#11	flebat irremediabilibus lachrymis, et dicebat heu! heu me! fili mi
heu		https://eu.wikisource.org/wiki/Azkoitiko_Sermoia#11	flebat irremediabilibus lachrymis, et dicebat heu! heu me! fili mi
heu		https://eu.wikisource.org/wiki/Azkoitiko_Sermoia#11	flebat irremediabilibus lachrymis, et dicebat heu! heu me! fili mi
fili		https://eu.wikisource.org/wiki/Azkoitiko_Sermoia#11	flebat irremediabilibus lachrymis, et dicebat heu! heu me! fili mi
mi		https://eu.wikisource.org/wiki/Azkoitiko_Sermoia#11	flebat irremediabilibus lachrymis, et dicebat heu! heu me! fili mi
noluio		https://eu.wikisource.org/wiki/Azkoitiko_Sermoia#11	noluio consolari, quia non sunt
consolari		https://eu.wikisource.org/wiki/Azkoitiko_Sermoia#11	noluio consolari, quia non sunt
quia		https://eu.wikisource.org/wiki/Azkoitiko_Sermoia#11	noluio consolari, quia non sunt
non		https://eu.wikisource.org/wiki/Azkoitiko_Sermoia#11	noluio consolari, quia non sunt
non		https://eu.wikisource.org/wiki/Azkoitiko_Sermoia#14	Non est qui consoletur eam ex omnibus charis eius
non		https://eu.wikisource.org/wiki/Azkoitiko_Sermoia#15	omnia flumina intrant in mare, et mare non redundat
non		https://eu.wikisource.org/wiki/Azkoitiko_Sermoia#15	mare non redundat
non		https://eu.wikisource.org/wiki/Azkoitiko_Sermoia#17	an non tibi plusquam gladius sermo ille, ecce filius tuus?
non		https://eu.wikisource.org/wiki/Azkoitiko_Sermoia#19	quis est homo, qui non fleret, Christi matrem si videret in tanto supplicio?
non		https://eu.wikisource.org/wiki/Azkoitiko_Sermoia#20	tum demum cognovit omne vulgus, et Israel universus, quoniam non actum esset a Rege, ut occideretur Abner
sunt		https://eu.wikisource.org/wiki/Azkoitiko_Sermoia#11	noluio consolari, quia non sunt
sunt		https://eu.wikisource.org/wiki/Azkoitiko_Sermoia#16	quid hæc sunt, ô Domine Deus? loquere aliquid modicum, ad tuam matrem recreandam.
sufficit		https://eu.wikisource.org/wiki/Azkoitiko_Sermoia#11	sufficit mihi Domine, tolle animam meam
mihi		https://eu.wikisource.org/wiki/Azkoitiko_Sermoia#11	sufficit mihi Domine, tolle animam meam
domine		https://eu.wikisource.org/wiki/Azkoitiko_Sermoia#11	sufficit mihi Domine, tolle animam meam
domine		https://eu.wikisource.org/wiki/Azkoitiko_Sermoia#16	quid hæc sunt, ô Domine Deus? loquere aliquid modicum, ad tuam matrem recreandam.
tolle		https://eu.wikisource.org/wiki/Azkoitiko_Sermoia#11	sufficit mihi Domine, tolle animam meam
animam		https://eu.wikisource.org/wiki/Azkoitiko_Sermoia#11	sufficit mihi Domine, tolle animam meam
animam		https://eu.wikisource.org/wiki/Azkoitiko_Sermoia#13	et tuam ipsius animam pertransibit gladius
animam		https://eu.wikisource.org/wiki/Azkoitiko_Sermoia#13	ipsius animam
animam		https://eu.wikisource.org/wiki/Azkoitiko_Sermoia#13	et tuam ipsius animam pertransibit gladius
meam		https://eu.wikisource.org/wiki/Azkoitiko_Sermoia#11	sufficit mihi Domine, tolle animam meam
meu		https://eu.wikisource.org/wiki/Azkoitiko_Sermoia#11	similis sicut dolor meu
quidquid		https://eu.wikisource.org/wiki/Azkoitiko_Sermoia#12	quidquid crudelitatis inflictum est corporibus martyrum, leve fuit, aut potius, nihil comparatione tuæ passionis
crudelitatis		https://eu.wikisource.org/wiki/Azkoitiko_Sermoia#12	quidquid crudelitatis inflictum est corporibus martyrum, leve fuit, aut potius, nihil comparatione tuæ passionis
inflictum		https://eu.wikisource.org/wiki/Azkoitiko_Sermoia#12	quidquid crudelitatis inflictum est corporibus martyrum, leve fuit, aut potius, nihil comparatione tuæ passionis
corporibus		https://eu.wikisource.org/wiki/Azkoitiko_Sermoia#12	quidquid crudelitatis inflictum est corporibus martyrum, leve fuit, aut potius, nihil comparatione tuæ passionis
martyrum		https://eu.wikisource.org/wiki/Azkoitiko_Sermoia#12	quidquid crudelitatis inflictum est corporibus martyrum, leve fuit, aut potius, nihil comparatione tuæ passionis
leve		https://eu.wikisource.org/wiki/Azkoitiko_Sermoia#12	quidquid crudelitatis inflictum est corporibus martyrum, leve fuit, aut potius, nihil comparatione tuæ passionis
fuit		https://eu.wikisource.org/wiki/Azkoitiko_Sermoia#12	quidquid crudelitatis inflictum est corporibus martyrum, leve fuit, aut potius, nihil comparatione tuæ passionis
aut		https://eu.wikisource.org/wiki/Azkoitiko_Sermoia#12	quidquid crudelitatis inflictum est corporibus martyrum, leve fuit, aut potius, nihil comparatione tuæ passionis
potius		https://eu.wikisource.org/wiki/Azkoitiko_Sermoia#12	quidquid crudelitatis inflictum est corporibus martyrum, leve fuit, aut potius, nihil comparatione tuæ passionis
nihil		https://eu.wikisource.org/wiki/Azkoitiko_Sermoia#12	quidquid crudelitatis inflictum est corporibus martyrum, leve fuit, aut potius, nihil comparatione tuæ passionis
comparatione		https://eu.wikisource.org/wiki/Azkoitiko_Sermoia#12	quidquid crudelitatis inflictum est corporibus martyrum, leve fuit, aut potius, nihil comparatione tuæ passionis
tuæ		https://eu.wikisource.org/wiki/Azkoitiko_Sermoia#12	quidquid crudelitatis inflictum est corporibus martyrum, leve fuit, aut potius, nihil comparatione tuæ passionis
passionis		https://eu.wikisource.org/wiki/Azkoitiko_Sermoia#12	quidquid crudelitatis inflictum est corporibus martyrum, leve fuit, aut potius, nihil comparatione tuæ passionis
tuam		https://eu.wikisource.org/wiki/Azkoitiko_Sermoia#13	et tuam ipsius animam pertransibit gladius
tuam		https://eu.wikisource.org/wiki/Azkoitiko_Sermoia#13	et tuam
tuam		https://eu.wikisource.org/wiki/Azkoitiko_Sermoia#13	et tuam ipsius animam pertransibit gladius
tuam		https://eu.wikisource.org/wiki/Azkoitiko_Sermoia#16	quid hæc sunt, ô Domine Deus? loquere aliquid modicum, ad tuam matrem recreandam.
tuam		https://eu.wikisource.org/wiki/Azkoitiko_Sermoia#17	quid matrem tuam erubuisti, quæ te tam dulciter nutrivit, tam dulciter lactavit?
ipsius		https://eu.wikisource.org/wiki/Azkoitiko_Sermoia#13	et tuam ipsius animam pertransibit gladius
ipsius		https://eu.wikisource.org/wiki/Azkoitiko_Sermoia#13	ipsius animam
ipsius		https://eu.wikisource.org/wiki/Azkoitiko_Sermoia#13	et tuam ipsius animam pertransibit gladius
pertransibit		https://eu.wikisource.org/wiki/Azkoitiko_Sermoia#13	et tuam ipsius animam pertransibit gladius
pertransibit		https://eu.wikisource.org/wiki/Azkoitiko_Sermoia#13	et tuam ipsius animam pertransibit gladius
gladius		https://eu.wikisource.org/wiki/Azkoitiko_Sermoia#13	et tuam ipsius animam pertransibit gladius
gladius		https://eu.wikisource.org/wiki/Azkoitiko_Sermoia#13	et tuam ipsius animam pertransibit gladius
gladius		https://eu.wikisource.org/wiki/Azkoitiko_Sermoia#17	an non tibi plusquam gladius sermo ille, ecce filius tuus?
omnes		https://eu.wikisource.org/wiki/Azkoitiko_Sermoia#13	omnes fluctus tuos induxisti super me
omnes		https://eu.wikisource.org/wiki/Azkoitiko_Sermoia#13	sed omnes isti fluctus
omnes		https://eu.wikisource.org/wiki/Azkoitiko_Sermoia#13	sed omnes isti fluctus â filio in matrem defluxerunt
fluctus		https://eu.wikisource.org/wiki/Azkoitiko_Sermoia#13	omnes fluctus tuos induxisti super me
fluctus		https://eu.wikisource.org/wiki/Azkoitiko_Sermoia#13	sed omnes isti fluctus
fluctus		https://eu.wikisource.org/wiki/Azkoitiko_Sermoia#13	sed omnes isti fluctus â filio in matrem defluxerunt
tuos		https://eu.wikisource.org/wiki/Azkoitiko_Sermoia#13	omnes fluctus tuos induxisti super me
induxisti		https://eu.wikisource.org/wiki/Azkoitiko_Sermoia#13	omnes fluctus tuos induxisti super me
super		https://eu.wikisource.org/wiki/Azkoitiko_Sermoia#13	omnes fluctus tuos induxisti super me
super		https://eu.wikisource.org/wiki/Azkoitiko_Sermoia#20	cumque sepelissent Abner in Hebron, leuavit rex Dauid vocem suam et flevit super tumulum Abner
isti		https://eu.wikisource.org/wiki/Azkoitiko_Sermoia#13	sed omnes isti fluctus
isti		https://eu.wikisource.org/wiki/Azkoitiko_Sermoia#13	sed omnes isti fluctus â filio in matrem defluxerunt
â		https://eu.wikisource.org/wiki/Azkoitiko_Sermoia#13	â filio in matrem defluxerunt
â		https://eu.wikisource.org/wiki/Azkoitiko_Sermoia#13	sed omnes isti fluctus â filio in matrem defluxerunt
â		https://eu.wikisource.org/wiki/Azkoitiko_Sermoia#14	longè factus est â me consolator
filio		https://eu.wikisource.org/wiki/Azkoitiko_Sermoia#13	â filio in matrem defluxerunt
filio		https://eu.wikisource.org/wiki/Azkoitiko_Sermoia#13	sed omnes isti fluctus â filio in matrem defluxerunt
filio		https://eu.wikisource.org/wiki/Azkoitiko_Sermoia#17	ô commutationem! filius Zebedæi pro filio Dei, servus pro Domino, homo purus pro Deo vero traditur.
matrem		https://eu.wikisource.org/wiki/Azkoitiko_Sermoia#13	â filio in matrem defluxerunt
matrem		https://eu.wikisource.org/wiki/Azkoitiko_Sermoia#13	sed omnes isti fluctus â filio in matrem defluxerunt
matrem		https://eu.wikisource.org/wiki/Azkoitiko_Sermoia#16	quid hæc sunt, ô Domine Deus? loquere aliquid modicum, ad tuam matrem recreandam.
matrem		https://eu.wikisource.org/wiki/Azkoitiko_Sermoia#17	quid matrem tuam erubuisti, quæ te tam dulciter nutrivit, tam dulciter lactavit?
matrem		https://eu.wikisource.org/wiki/Azkoitiko_Sermoia#19	quis est homo, qui non fleret, Christi matrem si videret in tanto supplicio?
defluxerunt		https://eu.wikisource.org/wiki/Azkoitiko_Sermoia#13	â filio in matrem defluxerunt
defluxerunt		https://eu.wikisource.org/wiki/Azkoitiko_Sermoia#13	sed omnes isti fluctus â filio in matrem defluxerunt
magna		https://eu.wikisource.org/wiki/Azkoitiko_Sermoia#13	magna est velut mare contritio tua
velut		https://eu.wikisource.org/wiki/Azkoitiko_Sermoia#13	magna est velut mare contritio tua
mare		https://eu.wikisource.org/wiki/Azkoitiko_Sermoia#13	magna est velut mare contritio tua
mare		https://eu.wikisource.org/wiki/Azkoitiko_Sermoia#15	omnia flumina intrant in mare, et mare non redundat
mare		https://eu.wikisource.org/wiki/Azkoitiko_Sermoia#15	omnia flumina intrant in mare, et mare non redundat
mare		https://eu.wikisource.org/wiki/Azkoitiko_Sermoia#15	mare non redundat
contritio		https://eu.wikisource.org/wiki/Azkoitiko_Sermoia#13	magna est velut mare contritio tua
tua		https://eu.wikisource.org/wiki/Azkoitiko_Sermoia#13	magna est velut mare contritio tua
qui		https://eu.wikisource.org/wiki/Azkoitiko_Sermoia#14	Non est qui consoletur eam ex omnibus charis eius
qui		https://eu.wikisource.org/wiki/Azkoitiko_Sermoia#19	quis est homo, qui non fleret, Christi matrem si videret in tanto supplicio?
consoletur		https://eu.wikisource.org/wiki/Azkoitiko_Sermoia#14	Non est qui consoletur eam ex omnibus charis eius
eam		https://eu.wikisource.org/wiki/Azkoitiko_Sermoia#14	Non est qui consoletur eam ex omnibus charis eius
ex		https://eu.wikisource.org/wiki/Azkoitiko_Sermoia#14	Non est qui consoletur eam ex omnibus charis eius
ex		https://eu.wikisource.org/wiki/Azkoitiko_Sermoia#14	ex omnibus charis eius?
omnibus		https://eu.wikisource.org/wiki/Azkoitiko_Sermoia#14	Non est qui consoletur eam ex omnibus charis eius
omnibus		https://eu.wikisource.org/wiki/Azkoitiko_Sermoia#14	ex omnibus charis eius?
charis		https://eu.wikisource.org/wiki/Azkoitiko_Sermoia#14	Non est qui consoletur eam ex omnibus charis eius
charis		https://eu.wikisource.org/wiki/Azkoitiko_Sermoia#14	ex omnibus charis eius?
posuit		https://eu.wikisource.org/wiki/Azkoitiko_Sermoia#14	posuit me desolatam, tota die mærore confectam
desolatam		https://eu.wikisource.org/wiki/Azkoitiko_Sermoia#14	posuit me desolatam, tota die mærore confectam
tota		https://eu.wikisource.org/wiki/Azkoitiko_Sermoia#14	posuit me desolatam, tota die mærore confectam
die		https://eu.wikisource.org/wiki/Azkoitiko_Sermoia#14	posuit me desolatam, tota die mærore confectam
mærore		https://eu.wikisource.org/wiki/Azkoitiko_Sermoia#14	posuit me desolatam, tota die mærore confectam
confectam		https://eu.wikisource.org/wiki/Azkoitiko_Sermoia#14	posuit me desolatam, tota die mærore confectam
longè		https://eu.wikisource.org/wiki/Azkoitiko_Sermoia#14	longè factus est â me consolator
factus		https://eu.wikisource.org/wiki/Azkoitiko_Sermoia#14	longè factus est â me consolator
consolator		https://eu.wikisource.org/wiki/Azkoitiko_Sermoia#14	longè factus est â me consolator
omnia		https://eu.wikisource.org/wiki/Azkoitiko_Sermoia#15	omnia flumina intrant in mare, et mare non redundat
flumina		https://eu.wikisource.org/wiki/Azkoitiko_Sermoia#15	omnia flumina intrant in mare, et mare non redundat
intrant		https://eu.wikisource.org/wiki/Azkoitiko_Sermoia#15	omnia flumina intrant in mare, et mare non redundat
redundat		https://eu.wikisource.org/wiki/Azkoitiko_Sermoia#15	omnia flumina intrant in mare, et mare non redundat
redundat		https://eu.wikisource.org/wiki/Azkoitiko_Sermoia#15	mare non redundat
quid		https://eu.wikisource.org/wiki/Azkoitiko_Sermoia#16	quid hæc sunt, ô Domine Deus? loquere aliquid modicum, ad tuam matrem recreandam.
quid		https://eu.wikisource.org/wiki/Azkoitiko_Sermoia#17	quid tam durè loqueris?
quid		https://eu.wikisource.org/wiki/Azkoitiko_Sermoia#17	quid matrem tuam erubuisti, quæ te tam dulciter nutrivit, tam dulciter lactavit?
hæc		https://eu.wikisource.org/wiki/Azkoitiko_Sermoia#16	quid hæc sunt, ô Domine Deus? loquere aliquid modicum, ad tuam matrem recreandam.
ô		https://eu.wikisource.org/wiki/Azkoitiko_Sermoia#16	quid hæc sunt, ô Domine Deus? loquere aliquid modicum, ad tuam matrem recreandam.
ô		https://eu.wikisource.org/wiki/Azkoitiko_Sermoia#17	ô commutationem! filius Zebedæi pro filio Dei, servus pro Domino, homo purus pro Deo vero traditur.
deus		https://eu.wikisource.org/wiki/Azkoitiko_Sermoia#16	quid hæc sunt, ô Domine Deus? loquere aliquid modicum, ad tuam matrem recreandam.
loquere		https://eu.wikisource.org/wiki/Azkoitiko_Sermoia#16	quid hæc sunt, ô Domine Deus? loquere aliquid modicum, ad tuam matrem recreandam.
loquere		https://eu.wikisource.org/wiki/Azkoitiko_Sermoia#16	loquere aliquid modicum.
aliquid		https://eu.wikisource.org/wiki/Azkoitiko_Sermoia#16	quid hæc sunt, ô Domine Deus? loquere aliquid modicum, ad tuam matrem recreandam.
aliquid		https://eu.wikisource.org/wiki/Azkoitiko_Sermoia#16	loquere aliquid modicum.
modicum		https://eu.wikisource.org/wiki/Azkoitiko_Sermoia#16	quid hæc sunt, ô Domine Deus? loquere aliquid modicum, ad tuam matrem recreandam.
modicum		https://eu.wikisource.org/wiki/Azkoitiko_Sermoia#16	loquere aliquid modicum.
ad		https://eu.wikisource.org/wiki/Azkoitiko_Sermoia#16	quid hæc sunt, ô Domine Deus? loquere aliquid modicum, ad tuam matrem recreandam.
recreandam		https://eu.wikisource.org/wiki/Azkoitiko_Sermoia#16	quid hæc sunt, ô Domine Deus? loquere aliquid modicum, ad tuam matrem recreandam.
quis		https://eu.wikisource.org/wiki/Azkoitiko_Sermoia#16	quis mei curam geret ac defendet?
quis		https://eu.wikisource.org/wiki/Azkoitiko_Sermoia#19	quis est homo, qui non fleret, Christi matrem si videret in tanto supplicio?
mei		https://eu.wikisource.org/wiki/Azkoitiko_Sermoia#16	quis mei curam geret ac defendet?
curam		https://eu.wikisource.org/wiki/Azkoitiko_Sermoia#16	quis mei curam geret ac defendet?
geret		https://eu.wikisource.org/wiki/Azkoitiko_Sermoia#16	quis mei curam geret ac defendet?
defendet		https://eu.wikisource.org/wiki/Azkoitiko_Sermoia#16	quis mei curam geret ac defendet?
mulier		https://eu.wikisource.org/wiki/Azkoitiko_Sermoia#17	mulier, ecce filius tuus
ecce		https://eu.wikisource.org/wiki/Azkoitiko_Sermoia#17	mulier, ecce filius tuus
ecce		https://eu.wikisource.org/wiki/Azkoitiko_Sermoia#17	ecce filius tuus
ecce		https://eu.wikisource.org/wiki/Azkoitiko_Sermoia#17	an non tibi plusquam gladius sermo ille, ecce filius tuus?
filius		https://eu.wikisource.org/wiki/Azkoitiko_Sermoia#17	mulier, ecce filius tuus
filius		https://eu.wikisource.org/wiki/Azkoitiko_Sermoia#17	ecce filius tuus
filius		https://eu.wikisource.org/wiki/Azkoitiko_Sermoia#17	an non tibi plusquam gladius sermo ille, ecce filius tuus?
filius		https://eu.wikisource.org/wiki/Azkoitiko_Sermoia#17	ô commutationem! filius Zebedæi pro filio Dei, servus pro Domino, homo purus pro Deo vero traditur.
tuus		https://eu.wikisource.org/wiki/Azkoitiko_Sermoia#17	mulier, ecce filius tuus
tuus		https://eu.wikisource.org/wiki/Azkoitiko_Sermoia#17	ecce filius tuus
tuus		https://eu.wikisource.org/wiki/Azkoitiko_Sermoia#17	an non tibi plusquam gladius sermo ille, ecce filius tuus?
tam		https://eu.wikisource.org/wiki/Azkoitiko_Sermoia#17	quid tam durè loqueris?
tam		https://eu.wikisource.org/wiki/Azkoitiko_Sermoia#17	quid matrem tuam erubuisti, quæ te tam dulciter nutrivit, tam dulciter lactavit?
tam		https://eu.wikisource.org/wiki/Azkoitiko_Sermoia#17	quid matrem tuam erubuisti, quæ te tam dulciter nutrivit, tam dulciter lactavit?
durè		https://eu.wikisource.org/wiki/Azkoitiko_Sermoia#17	quid tam durè loqueris?
loqueris		https://eu.wikisource.org/wiki/Azkoitiko_Sermoia#17	quid tam durè loqueris?
erubuisti		https://eu.wikisource.org/wiki/Azkoitiko_Sermoia#17	quid matrem tuam erubuisti, quæ te tam dulciter nutrivit, tam dulciter lactavit?
quæ		https://eu.wikisource.org/wiki/Azkoitiko_Sermoia#17	quid matrem tuam erubuisti, quæ te tam dulciter nutrivit, tam dulciter lactavit?
te		https://eu.wikisource.org/wiki/Azkoitiko_Sermoia#17	quid matrem tuam erubuisti, quæ te tam dulciter nutrivit, tam dulciter lactavit?
dulciter		https://eu.wikisource.org/wiki/Azkoitiko_Sermoia#17	quid matrem tuam erubuisti, quæ te tam dulciter nutrivit, tam dulciter lactavit?
dulciter		https://eu.wikisource.org/wiki/Azkoitiko_Sermoia#17	quid matrem tuam erubuisti, quæ te tam dulciter nutrivit, tam dulciter lactavit?
nutrivit		https://eu.wikisource.org/wiki/Azkoitiko_Sermoia#17	quid matrem tuam erubuisti, quæ te tam dulciter nutrivit, tam dulciter lactavit?
lactavit		https://eu.wikisource.org/wiki/Azkoitiko_Sermoia#17	quid matrem tuam erubuisti, quæ te tam dulciter nutrivit, tam dulciter lactavit?
factum		https://eu.wikisource.org/wiki/Azkoitiko_Sermoia#17	ideo factum esse arbitror
esse		https://eu.wikisource.org/wiki/Azkoitiko_Sermoia#17	ideo factum esse arbitror
arbitror		https://eu.wikisource.org/wiki/Azkoitiko_Sermoia#17	ideo factum esse arbitror
ne		https://eu.wikisource.org/wiki/Azkoitiko_Sermoia#17	ne materno nomine matri dolorem amplius excitaret.
materno		https://eu.wikisource.org/wiki/Azkoitiko_Sermoia#17	ne materno nomine matri dolorem amplius excitaret.
matri		https://eu.wikisource.org/wiki/Azkoitiko_Sermoia#17	ne materno nomine matri dolorem amplius excitaret.
dolorem		https://eu.wikisource.org/wiki/Azkoitiko_Sermoia#17	ne materno nomine matri dolorem amplius excitaret.
amplius		https://eu.wikisource.org/wiki/Azkoitiko_Sermoia#17	ne materno nomine matri dolorem amplius excitaret.
excitaret		https://eu.wikisource.org/wiki/Azkoitiko_Sermoia#17	ne materno nomine matri dolorem amplius excitaret.
an		https://eu.wikisource.org/wiki/Azkoitiko_Sermoia#17	an non tibi plusquam gladius sermo ille, ecce filius tuus?
tibi		https://eu.wikisource.org/wiki/Azkoitiko_Sermoia#17	an non tibi plusquam gladius sermo ille, ecce filius tuus?
plusquam		https://eu.wikisource.org/wiki/Azkoitiko_Sermoia#17	an non tibi plusquam gladius sermo ille, ecce filius tuus?
sermo		https://eu.wikisource.org/wiki/Azkoitiko_Sermoia#17	an non tibi plusquam gladius sermo ille, ecce filius tuus?
ille		https://eu.wikisource.org/wiki/Azkoitiko_Sermoia#17	an non tibi plusquam gladius sermo ille, ecce filius tuus?
commutationem		https://eu.wikisource.org/wiki/Azkoitiko_Sermoia#17	ô commutationem! filius Zebedæi pro filio Dei, servus pro Domino, homo purus pro Deo vero traditur.
zebedæi		https://eu.wikisource.org/wiki/Azkoitiko_Sermoia#17	ô commutationem! filius Zebedæi pro filio Dei, servus pro Domino, homo purus pro Deo vero traditur.
pro		https://eu.wikisource.org/wiki/Azkoitiko_Sermoia#17	ô commutationem! filius Zebedæi pro filio Dei, servus pro Domino, homo purus pro Deo vero traditur.
pro		https://eu.wikisource.org/wiki/Azkoitiko_Sermoia#17	ô commutationem! filius Zebedæi pro filio Dei, servus pro Domino, homo purus pro Deo vero traditur.
pro		https://eu.wikisource.org/wiki/Azkoitiko_Sermoia#17	ô commutationem! filius Zebedæi pro filio Dei, servus pro Domino, homo purus pro Deo vero traditur.
dei		https://eu.wikisource.org/wiki/Azkoitiko_Sermoia#17	ô commutationem! filius Zebedæi pro filio Dei, servus pro Domino, homo purus pro Deo vero traditur.
servus		https://eu.wikisource.org/wiki/Azkoitiko_Sermoia#17	ô commutationem! filius Zebedæi pro filio Dei, servus pro Domino, homo purus pro Deo vero traditur.
domino		https://eu.wikisource.org/wiki/Azkoitiko_Sermoia#17	ô commutationem! filius Zebedæi pro filio Dei, servus pro Domino, homo purus pro Deo vero traditur.
homo		https://eu.wikisource.org/wiki/Azkoitiko_Sermoia#17	ô commutationem! filius Zebedæi pro filio Dei, servus pro Domino, homo purus pro Deo vero traditur.
homo		https://eu.wikisource.org/wiki/Azkoitiko_Sermoia#19	quis est homo, qui non fleret, Christi matrem si videret in tanto supplicio?
purus		https://eu.wikisource.org/wiki/Azkoitiko_Sermoia#17	ô commutationem! filius Zebedæi pro filio Dei, servus pro Domino, homo purus pro Deo vero traditur.
deo		https://eu.wikisource.org/wiki/Azkoitiko_Sermoia#17	ô commutationem! filius Zebedæi pro filio Dei, servus pro Domino, homo purus pro Deo vero traditur.
vero		https://eu.wikisource.org/wiki/Azkoitiko_Sermoia#17	ô commutationem! filius Zebedæi pro filio Dei, servus pro Domino, homo purus pro Deo vero traditur.
traditur		https://eu.wikisource.org/wiki/Azkoitiko_Sermoia#17	ô commutationem! filius Zebedæi pro filio Dei, servus pro Domino, homo purus pro Deo vero traditur.
fleret		https://eu.wikisource.org/wiki/Azkoitiko_Sermoia#19	quis est homo, qui non fleret, Christi matrem si videret in tanto supplicio?
christi		https://eu.wikisource.org/wiki/Azkoitiko_Sermoia#19	quis est homo, qui non fleret, Christi matrem si videret in tanto supplicio?
videret		https://eu.wikisource.org/wiki/Azkoitiko_Sermoia#19	quis est homo, qui non fleret, Christi matrem si videret in tanto supplicio?
tanto		https://eu.wikisource.org/wiki/Azkoitiko_Sermoia#19	quis est homo, qui non fleret, Christi matrem si videret in tanto supplicio?
supplicio		https://eu.wikisource.org/wiki/Azkoitiko_Sermoia#19	quis est homo, qui non fleret, Christi matrem si videret in tanto supplicio?
scindite		https://eu.wikisource.org/wiki/Azkoitiko_Sermoia#20	scindite vestimenta vestra, et accingimini saccis, et plangite ante exequias Abner
scindite		https://eu.wikisource.org/wiki/Azkoitiko_Sermoia#22	scindite corda vestra
vestimenta		https://eu.wikisource.org/wiki/Azkoitiko_Sermoia#20	scindite vestimenta vestra, et accingimini saccis, et plangite ante exequias Abner
vestra		https://eu.wikisource.org/wiki/Azkoitiko_Sermoia#20	scindite vestimenta vestra, et accingimini saccis, et plangite ante exequias Abner
vestra		https://eu.wikisource.org/wiki/Azkoitiko_Sermoia#22	scindite corda vestra
accingimini		https://eu.wikisource.org/wiki/Azkoitiko_Sermoia#20	scindite vestimenta vestra, et accingimini saccis, et plangite ante exequias Abner
saccis		https://eu.wikisource.org/wiki/Azkoitiko_Sermoia#20	scindite vestimenta vestra, et accingimini saccis, et plangite ante exequias Abner
plangite		https://eu.wikisource.org/wiki/Azkoitiko_Sermoia#20	scindite vestimenta vestra, et accingimini saccis, et plangite ante exequias Abner
ante		https://eu.wikisource.org/wiki/Azkoitiko_Sermoia#20	scindite vestimenta vestra, et accingimini saccis, et plangite ante exequias Abner
exequias		https://eu.wikisource.org/wiki/Azkoitiko_Sermoia#20	scindite vestimenta vestra, et accingimini saccis, et plangite ante exequias Abner
abner		https://eu.wikisource.org/wiki/Azkoitiko_Sermoia#20	scindite vestimenta vestra, et accingimini saccis, et plangite ante exequias Abner
abner		https://eu.wikisource.org/wiki/Azkoitiko_Sermoia#20	cumque sepelissent Abner in Hebron, leuavit rex Dauid vocem suam et flevit super tumulum Abner
abner		https://eu.wikisource.org/wiki/Azkoitiko_Sermoia#20	cumque sepelissent Abner in Hebron, leuavit rex Dauid vocem suam et flevit super tumulum Abner
abner		https://eu.wikisource.org/wiki/Azkoitiko_Sermoia#20	tum demum cognovit omne vulgus, et Israel universus, quoniam non actum esset a Rege, ut occideretur Abner
rex		https://eu.wikisource.org/wiki/Azkoitiko_Sermoia#20	rex Dauid sequebatur feretrum
rex		https://eu.wikisource.org/wiki/Azkoitiko_Sermoia#20	cumque sepelissent Abner in Hebron, leuavit rex Dauid vocem suam et flevit super tumulum Abner
dauid		https://eu.wikisource.org/wiki/Azkoitiko_Sermoia#20	rex Dauid sequebatur feretrum
dauid		https://eu.wikisource.org/wiki/Azkoitiko_Sermoia#20	cumque sepelissent Abner in Hebron, leuavit rex Dauid vocem suam et flevit super tumulum Abner
sequebatur		https://eu.wikisource.org/wiki/Azkoitiko_Sermoia#20	rex Dauid sequebatur feretrum
feretrum		https://eu.wikisource.org/wiki/Azkoitiko_Sermoia#20	rex Dauid sequebatur feretrum
cumque		https://eu.wikisource.org/wiki/Azkoitiko_Sermoia#20	cumque sepelissent Abner in Hebron, leuavit rex Dauid vocem suam et flevit super tumulum Abner
sepelissent		https://eu.wikisource.org/wiki/Azkoitiko_Sermoia#20	cumque sepelissent Abner in Hebron, leuavit rex Dauid vocem suam et flevit super tumulum Abner
hebron		https://eu.wikisource.org/wiki/Azkoitiko_Sermoia#20	cumque sepelissent Abner in Hebron, leuavit rex Dauid vocem suam et flevit super tumulum Abner
leuavit		https://eu.wikisource.org/wiki/Azkoitiko_Sermoia#20	cumque sepelissent Abner in Hebron, leuavit rex Dauid vocem suam et flevit super tumulum Abner
vocem		https://eu.wikisource.org/wiki/Azkoitiko_Sermoia#20	cumque sepelissent Abner in Hebron, leuavit rex Dauid vocem suam et flevit super tumulum Abner
suam		https://eu.wikisource.org/wiki/Azkoitiko_Sermoia#20	cumque sepelissent Abner in Hebron, leuavit rex Dauid vocem suam et flevit super tumulum Abner
flevit		https://eu.wikisource.org/wiki/Azkoitiko_Sermoia#20	cumque sepelissent Abner in Hebron, leuavit rex Dauid vocem suam et flevit super tumulum Abner
tumulum		https://eu.wikisource.org/wiki/Azkoitiko_Sermoia#20	cumque sepelissent Abner in Hebron, leuavit rex Dauid vocem suam et flevit super tumulum Abner
tum		https://eu.wikisource.org/wiki/Azkoitiko_Sermoia#20	tum demum cognovit omne vulgus, et Israel universus, quoniam non actum esset a Rege, ut occideretur Abner
demum		https://eu.wikisource.org/wiki/Azkoitiko_Sermoia#20	tum demum cognovit omne vulgus, et Israel universus, quoniam non actum esset a Rege, ut occideretur Abner
cognovit		https://eu.wikisource.org/wiki/Azkoitiko_Sermoia#20	tum demum cognovit omne vulgus, et Israel universus, quoniam non actum esset a Rege, ut occideretur Abner
omne		https://eu.wikisource.org/wiki/Azkoitiko_Sermoia#20	tum demum cognovit omne vulgus, et Israel universus, quoniam non actum esset a Rege, ut occideretur Abner
vulgus		https://eu.wikisource.org/wiki/Azkoitiko_Sermoia#20	tum demum cognovit omne vulgus, et Israel universus, quoniam non actum esset a Rege, ut occideretur Abner
israel		https://eu.wikisource.org/wiki/Azkoitiko_Sermoia#20	tum demum cognovit omne vulgus, et Israel universus, quoniam non actum esset a Rege, ut occideretur Abner
universus		https://eu.wikisource.org/wiki/Azkoitiko_Sermoia#20	tum demum cognovit omne vulgus, et Israel universus, quoniam non actum esset a Rege, ut occideretur Abner
quoniam		https://eu.wikisource.org/wiki/Azkoitiko_Sermoia#20	tum demum cognovit omne vulgus, et Israel universus, quoniam non actum esset a Rege, ut occideretur Abner
actum		https://eu.wikisource.org/wiki/Azkoitiko_Sermoia#20	tum demum cognovit omne vulgus, et Israel universus, quoniam non actum esset a Rege, ut occideretur Abner
esset		https://eu.wikisource.org/wiki/Azkoitiko_Sermoia#20	tum demum cognovit omne vulgus, et Israel universus, quoniam non actum esset a Rege, ut occideretur Abner
a		https://eu.wikisource.org/wiki/Azkoitiko_Sermoia#20	tum demum cognovit omne vulgus, et Israel universus, quoniam non actum esset a Rege, ut occideretur Abner
rege		https://eu.wikisource.org/wiki/Azkoitiko_Sermoia#20	tum demum cognovit omne vulgus, et Israel universus, quoniam non actum esset a Rege, ut occideretur Abner
ut		https://eu.wikisource.org/wiki/Azkoitiko_Sermoia#20	tum demum cognovit omne vulgus, et Israel universus, quoniam non actum esset a Rege, ut occideretur Abner
occideretur		https://eu.wikisource.org/wiki/Azkoitiko_Sermoia#20	tum demum cognovit omne vulgus, et Israel universus, quoniam non actum esset a Rege, ut occideretur Abner
corda		https://eu.wikisource.org/wiki/Azkoitiko_Sermoia#22	scindite corda vestra
